frame_id,j3d_recon_0,j3d_recon_1,j3d_recon_2,j3d_recon_3,j3d_recon_4,j3d_recon_5,j3d_recon_6,j3d_recon_7,j3d_recon_8,j3d_recon_9,j3d_recon_10,j3d_recon_11,j3d_recon_12,j3d_recon_13,j3d_recon_14,j3d_recon_15,j3d_recon_16,j3d_recon_17,j3d_recon_18,j3d_recon_19,j3d_recon_20,j3d_recon_21,j3d_recon_22,j3d_recon_23,j3d_recon_24,j3d_recon_25,j3d_recon_26,j3d_recon_27,j3d_recon_28,j3d_recon_29,j3d_recon_30,j3d_recon_31,j3d_recon_32,j3d_recon_33,j3d_recon_34,j3d_recon_35,j3d_recon_36,j3d_recon_37,j3d_recon_38,j3d_recon_39,j3d_recon_40,j3d_recon_41,j3d_recon_42,j3d_recon_43,j3d_recon_44,j3d_recon_45,j3d_recon_46,j3d_recon_47,j3d_recon_48,j3d_recon_49,j3d_recon_50,j3d_recon_51,j3d_recon_52,j3d_recon_53,j3d_recon_54,j3d_recon_55,j3d_recon_56,j3d_recon_57,j3d_recon_58,j3d_recon_59,j3d_recon_60,j3d_recon_61,j3d_recon_62
0,90.68148040771484,5.902744770050049,6.314957618713379,78.08615112304688,-24.495059967041016,-4.942068099975586,97.13358306884766,-19.6683292388916,-26.991531372070312,112.90042114257812,-10.726066589355469,-46.163421630859375,123.64923858642578,-7.8570356369018555,-78.72171783447266,88.83779907226562,-43.39735794067383,-60.468719482421875,93.02902221679688,-64.35035705566406,-84.19129943847656,109.89114379882812,-54.632904052734375,-94.70030975341797,113.68623352050781,-44.79850769042969,-115.43022155761719,108.93081665039062,-36.73959732055664,-68.2839584350586,113.4716567993164,-8.688919067382812,-54.470821380615234,102.05489349365234,-22.74599838256836,-69.42527770996094,111.27291107177734,-25.165197372436523,-93.49224853515625,127.44139099121094,-24.94655990600586,-57.9599723815918,118.40209197998047,-49.906436920166016,-67.6901626586914,140.07086181640625,-59.62623977661133,-74.93220520019531,130.79409790039062,-55.959171295166016,-97.58084869384766,141.5031280517578,-17.274126052856445,-46.3330078125,127.85550689697266,-22.378297805786133,-61.8971061706543,112.30360412597656,-24.40850257873535,-72.912109375,97.10917663574219,-27.78130340576172,-65.85126495361328
1,90.68148040771484,5.902744770050049,6.314957618713379,77.06237030029297,-23.93661117553711,-5.240212917327881,98.65394592285156,-21.790891647338867,-25.27718734741211,117.3244857788086,-14.0745267868042,-42.247371673583984,132.76890563964844,-12.252731323242188,-72.94853973388672,91.48979187011719,-45.375,-58.98356628417969,96.02497100830078,-65.51948547363281,-83.33489227294922,115.43376922607422,-57.79558563232422,-90.60393524169922,123.25667572021484,-46.04022979736328,-109.1787338256836,112.63126373291016,-40.354461669921875,-65.0634994506836,117.93071746826172,-13.436647415161133,-49.39156723022461,106.94915008544922,-25.3233585357666,-66.41187286376953,95.54256439208984,-36.8133430480957,-87.57960510253906,130.90354919433594,-29.4974365234375,-53.37800216674805,120.63549041748047,-53.64582061767578,-63.90433883666992,141.34609985351562,-66.63041687011719,-68.25497436523438,135.64968872070312,-59.386531829833984,-91.37995910644531,144.34786987304688,-22.40534210205078,-40.69979476928711,131.16575622558594,-26.84593963623047,-56.85728073120117,116.85672760009766,-25.60397720336914,-69.54676818847656,100.8468246459961,-28.5279483795166,-64.73882293701172
2,90.68148040771484,5.902744770050049,6.314957618713379,75.97101593017578,-23.544876098632812,-4.902402877807617,98.87922668457031,-21.81541633605957,-23.46320915222168,118.4510498046875,-15.545211791992188,-40.00850296020508,134.44972229003906,-14.257587432861328,-70.51925659179688,90.2192153930664,-46.56195831298828,-58.037193298339844,93.19330596923828,-67.10581970214844,-82.2953872680664,112.80086517333984,-60.501338958740234,-90.11356353759766,122.28314971923828,-50.22203826904297,-108.8211669921875,111.63662719726562,-42.5498161315918,-63.89642333984375,119.41924285888672,-16.29062843322754,-48.14369201660156,107.886474609375,-26.863805770874023,-65.65890502929688,95.82655334472656,-37.229278564453125,-87.04737091064453,130.18919372558594,-32.258056640625,-52.14126968383789,118.7448959350586,-55.54833984375,-63.364967346191406,138.3179168701172,-70.33710479736328,-67.1920166015625,134.06472778320312,-62.004634857177734,-90.30042266845703,143.7452850341797,-25.505483627319336,-39.39686584472656,131.33680725097656,-29.38505744934082,-56.29448699951172,116.73328399658203,-26.986757278442383,-68.47229766845703,100.50638580322266,-28.517906188964844,-63.526824951171875
3,90.68148040771484,5.902744770050049,6.314957618713379,77.12639617919922,-24.447416305541992,-3.9083902835845947,98.91704559326172,-21.940689086914062,-23.68627166748047,117.25260162353516,-14.787691116333008,-41.25785446166992,131.8171844482422,-13.225303649902344,-72.433837890625,91.33628845214844,-48.04294204711914,-56.79916000366211,95.17295837402344,-68.57294464111328,-80.94773864746094,113.64141082763672,-60.808101654052734,-90.31912231445312,121.56082153320312,-49.67863082885742,-109.30925750732422,112.4200668334961,-43.19236755371094,-63.20847702026367,118.96482849121094,-16.094154357910156,-48.33852767944336,107.46049499511719,-28.134225845336914,-64.89952087402344,95.18757629394531,-39.77337646484375,-85.48968505859375,130.71197509765625,-31.783315658569336,-52.09356689453125,120.05912780761719,-55.6629524230957,-62.848121643066406,140.9838104248047,-68.21910858154297,-67.42606353759766,134.79368591308594,-60.70840072631836,-90.32566833496094,144.1982879638672,-24.114538192749023,-39.801517486572266,131.0128631591797,-28.517919540405273,-55.96649169921875,116.01748657226562,-27.57670783996582,-67.86468505859375,100.1850357055664,-30.457624435424805,-62.40630340576172
4,90.68148040771484,5.902744770050049,6.314957618713379,77.82994079589844,-24.87797737121582,-3.5224435329437256,98.33910369873047,-20.584035873413086,-24.336315155029297,115.28152465820312,-12.694844245910645,-42.95979690551758,127.2059555053711,-11.896699905395508,-75.21052551269531,90.59738159179688,-47.64797592163086,-57.13796615600586,94.59870910644531,-68.55087280273438,-80.93741607666016,112.27584838867188,-59.8897705078125,-91.02223205566406,117.50215911865234,-48.86980438232422,-110.91072845458984,111.18909454345703,-41.98017120361328,-64.41743469238281,115.60105895996094,-14.318307876586914,-49.80174255371094,103.90265655517578,-27.365190505981445,-65.43842315673828,91.61457061767578,-40.523983001708984,-85.06745910644531,129.5104217529297,-29.954984664916992,-54.02388381958008,119.756103515625,-54.6278076171875,-63.79558181762695,141.10122680664062,-65.71943664550781,-69.94524383544922,132.15113830566406,-60.09562683105469,-92.3692855834961,143.2236328125,-21.85298728942871,-42.27268600463867,129.70753479003906,-27.301427841186523,-57.8348503112793,113.9774169921875,-27.751745223999023,-68.7744369506836,98.78858947753906,-31.39052963256836,-62.14459228515625
5,90.68148040771484,5.902744770050049,6.314957618713379,79.46202087402344,-25.60032081604004,-3.22811222076416,98.1771240234375,-19.97723388671875,-25.37323570251465,112.60491180419922,-10.677465438842773,-45.41000747680664,122.15431213378906,-8.380315780639648,-78.35936737060547,90.95358276367188,-46.97378158569336,-57.70033645629883,96.22648620605469,-67.92411041259766,-81.20852661132812,111.97655487060547,-57.79694366455078,-92.98030853271484,114.87596130371094,-45.87538528442383,-112.87998962402344,110.70680236816406,-39.84374237060547,-65.95295715332031,113.7081069946289,-11.24506664276123,-52.86210250854492,102.93589782714844,-26.435821533203125,-67.17222595214844,111.63619995117188,-27.969234466552734,-91.47628021240234,128.68125915527344,-26.68096160888672,-56.36323928833008,121.59514617919922,-52.57982635498047,-65.21855163574219,143.6902618408203,-61.03883361816406,-72.74900817871094,132.64170837402344,-56.59813690185547,-94.45144653320312,142.40182495117188,-17.759883880615234,-45.230186462402344,128.66172790527344,-24.159578323364258,-60.22366714477539,112.22975158691406,-26.95555877685547,-69.68341064453125,98.079833984375,-31.468637466430664,-61.43098449707031
6,90.68148040771484,5.902744770050049,6.314957618713379,83.85831451416016,-27.323226928710938,-1.3576093912124634,96.54109191894531,-19.3944091796875,-26.824480056762695,103.13683319091797,-8.108468055725098,-49.742652893066406,105.81029510498047,-5.647603511810303,-83.78856658935547,92.65283966064453,-48.44251251220703,-56.427879333496094,100.17472839355469,-69.21446990966797,-79.47787475585938,109.86980438232422,-56.71437072753906,-94.93595123291016,105.3381118774414,-48.59644317626953,-116.25826263427734,109.91697692871094,-38.48469161987305,-67.00731658935547,105.13549041748047,-9.422575950622559,-55.57083511352539,97.57976531982422,-28.700368881225586,-66.65492248535156,100.79910278320312,-34.14667510986328,-91.87586975097656,126.40650939941406,-22.240434646606445,-59.760162353515625,125.01802825927734,-49.340248107910156,-67.70075225830078,146.58734130859375,-50.60490036010742,-79.9327621459961,130.8246612548828,-51.233089447021484,-98.74622344970703,139.6011962890625,-10.817216873168945,-50.422332763671875,125.17208099365234,-19.945453643798828,-63.190528869628906,108.89013671875,-27.81839370727539,-69.53317260742188,98.16160583496094,-35.53657531738281,-59.01811981201172
7,90.68148040771484,5.902744770050049,6.314957618713379,84.11815643310547,-27.571521759033203,-0.45152661204338074,93.95620727539062,-20.343814849853516,-27.34490203857422,99.31397247314453,-10.597719192504883,-51.27034378051758,97.86749267578125,-11.46158218383789,-85.50965881347656,89.28865051269531,-49.192569732666016,-55.78596115112305,95.6911849975586,-72.50772094726562,-76.63701629638672,85.74852752685547,-53.5683708190918,-82.26227569580078,83.69490814208984,-51.14572525024414,-105.170654296875,105.46601104736328,-38.969825744628906,-67.74093627929688,100.40331268310547,-10.627273559570312,-54.72820281982422,92.81522369384766,-31.219276428222656,-63.09299087524414,92.60346221923828,-39.1246452331543,-87.7720718383789,122.04891204833984,-22.2492733001709,-61.93300247192383,120.14613342285156,-50.3204460144043,-64.72039031982422,140.0976104736328,-51.665828704833984,-79.43722534179688,120.98237609863281,-57.3978385925293,-93.41590118408203,135.62109375,-10.398337364196777,-53.73935317993164,120.69693756103516,-23.23711585998535,-61.92387771606445,105.1511459350586,-34.02951431274414,-64.95146179199219,96.79531860351562,-41.66501998901367,-52.595035552978516
8,91.0426254272461,6.0141801834106445,6.277304172515869,96.10491943359375,-4.721515655517578,-26.679859161376953,124.1910629272461,1.5425784587860107,-19.699556350708008,145.66000366210938,9.067060470581055,-6.322460174560547,176.56814575195312,9.813477516174316,7.4052734375,144.8175048828125,11.236308097839355,-57.4432258605957,174.9080047607422,1.9140737056732178,-51.4448356628418,189.26870727539062,8.921926498413086,-36.043426513671875,205.23927307128906,10.388790130615234,-18.248210906982422,162.77127075195312,14.387063980102539,-44.08793258666992,189.45252990722656,9.784823417663574,-28.03443145751953,189.18101501464844,30.600509643554688,-17.123971939086914,207.37892150878906,23.947927474975586,-34.569862365722656,166.74560546875,10.923127174377441,-20.53577995300293,180.95916748046875,-1.4410521984100342,-41.34025192260742,174.2546844482422,-19.77997398376465,-26.18083953857422,175.62046813964844,0.8191466331481934,-13.797203063964844,167.70993041992188,4.498876094818115,-1.843076229095459,167.16407775878906,18.878541946411133,-17.739221572875977,180.79022216796875,26.238386154174805,-29.30982780456543,171.01284790039062,26.9862003326416,-43.85869216918945
9,94.92108154296875,6.507769584655762,6.3938069343566895,111.6019515991211,-21.857421875,25.043603897094727,98.47212982177734,-16.23137664794922,52.5023193359375,83.35054016113281,-10.733907699584961,74.37731170654297,51.100677490234375,-1.2115254402160645,70.88829803466797,121.46904754638672,-16.84149742126465,86.82293701171875,115.18879699707031,-35.215797424316406,60.4803581237793,105.0953140258789,-15.581535339355469,65.0177230834961,83.01605224609375,-5.913220405578613,65.72174835205078,104.90491485595703,-2.7157464027404785,97.77133178710938,88.54580688476562,-13.259921073913574,71.81245422363281,111.9090576171875,-9.786750793457031,66.9384994506836,133.83543395996094,-1.5003122091293335,52.437129974365234,82.9769515991211,8.956940650939941,90.25947570800781,100.73383331298828,-13.940195083618164,86.86842346191406,98.46792602539062,-17.930866241455078,61.84468078613281,87.38233184814453,-13.064788818359375,81.20877075195312,64.32611083984375,14.040919303894043,81.44103240966797,82.94230651855469,5.466638088226318,89.69184875488281,100.91064453125,2.0988223552703857,81.75514221191406,114.17443084716797,4.488828659057617,103.37387084960938
10,92.89411926269531,6.412232398986816,6.212643146514893,114.44096374511719,-14.307584762573242,28.515398025512695,100.10258483886719,-9.663939476013184,54.74760437011719,82.51455688476562,-4.870845317840576,74.01921081542969,50.04010009765625,0.5625514388084412,69.74508666992188,111.59019470214844,-6.315187454223633,89.15204620361328,112.95014953613281,-27.696977615356445,65.61543273925781,97.28819274902344,-15.07873821258545,74.14520263671875,82.6295166015625,-3.274940013885498,62.24679183959961,90.2834701538086,1.716875433921814,96.54683685302734,91.44744873046875,-13.533821105957031,68.75568389892578,113.36470031738281,-8.214339256286621,62.084075927734375,134.72671508789062,-0.9143072962760925,47.60622787475586,67.72686767578125,5.529408931732178,85.62384796142578,86.43336486816406,-15.72644329071045,87.64019775390625,89.39412689208984,-34.530391693115234,71.88520050048828,89.5151138305664,-12.633286476135254,78.24051666259766,50.44610595703125,4.227128982543945,74.05079650878906,69.95420837402344,3.2091448307037354,82.90968322753906,88.95462036132812,2.294473171234131,79.53093719482422,106.99700927734375,4.251780986785889,92.99870300292969
11,92.0697021484375,6.266991138458252,6.221617221832275,111.60941314697266,-15.692708969116211,27.761362075805664,96.96257019042969,-10.422136306762695,53.480072021484375,79.3607177734375,-5.950160026550293,72.79835510253906,48.885555267333984,8.76011848449707,71.68301391601562,110.6514892578125,-7.905904293060303,87.7470703125,110.50824737548828,-27.801801681518555,62.89278793334961,97.39595031738281,-10.31954574584961,61.7092170715332,81.75166320800781,-5.581589221954346,45.65019226074219,90.52767181396484,1.0012564659118652,95.5322494506836,89.95158386230469,-11.946894645690918,66.64069366455078,112.07275390625,-6.71913480758667,60.80134201049805,127.58914947509766,1.9597132205963135,40.57275390625,68.6524658203125,5.981472969055176,84.97615814208984,86.18601989746094,-15.023855209350586,92.66434478759766,71.17478942871094,-33.41817092895508,85.33317565917969,84.17481231689453,-17.850997924804688,76.60315704345703,51.71007537841797,6.314658164978027,73.84422302246094,70.93734741210938,4.915383815765381,82.6167984008789,86.93990325927734,7.845178127288818,72.51612854003906,104.33552551269531,6.797694206237793,87.9874496459961
12,95.48173522949219,6.646270275115967,6.363076686859131,117.77965545654297,-16.043283462524414,28.228036880493164,103.4454574584961,-11.020756721496582,55.49745559692383,86.54330444335938,-5.941152572631836,76.22456359863281,56.5677490234375,11.741477966308594,80.17017364501953,118.68675994873047,-6.998040199279785,90.7229232788086,115.34734344482422,-28.31599235534668,66.28297424316406,102.74435424804688,-9.868682861328125,67.44247436523438,86.44901275634766,-5.587920665740967,51.600189208984375,97.44132232666016,2.32686185836792,99.40798950195312,93.47575378417969,-10.80197811126709,69.89122009277344,116.71622467041016,-5.708506107330322,66.04656982421875,136.01675415039062,4.776247024536133,49.365562438964844,73.67943572998047,7.218541145324707,89.21647644042969,89.32530975341797,-16.64668846130371,96.16432189941406,87.28900909423828,-20.97031021118164,71.10064697265625,97.44660186767578,-9.437422752380371,89.02896881103516,55.24544143676758,6.661031723022461,78.14425659179688,76.03211975097656,7.07266902923584,85.17815399169922,95.32603454589844,10.910964965820312,82.68222045898438,110.65518951416016,6.183752536773682,96.41143798828125
13,93.19910430908203,6.487581729888916,6.195919036865234,113.27825164794922,-16.984603881835938,27.84415054321289,101.85030364990234,-8.198786735534668,54.60426330566406,86.3585205078125,-4.550426483154297,75.87348937988281,62.09294891357422,16.835725784301758,87.60623168945312,115.53315734863281,-7.2452778816223145,88.46500396728516,115.84814453125,-27.428131103515625,63.9439811706543,102.83765411376953,-10.063735961914062,62.35451126098633,84.82289123535156,2.7808287143707275,55.3209342956543,95.98920440673828,4.082334995269775,97.04108428955078,109.96549987792969,-12.715636253356934,73.9677734375,125.96115112304688,-0.5508586764335632,61.76478576660156,102.06300354003906,-9.883926391601562,62.791988372802734,73.30192565917969,10.926506042480469,87.49251556396484,89.26787567138672,-11.78502368927002,93.9136734008789,73.40554809570312,-30.727523803710938,92.44285583496094,79.35945129394531,-13.8424072265625,80.356201171875,55.16693115234375,11.903703689575195,76.9849853515625,75.27899932861328,11.037630081176758,84.16120910644531,91.71414184570312,11.104848861694336,74.10913848876953,105.70582580566406,0.8487310409545898,85.48562622070312
14,96.09647369384766,6.766294956207275,6.349119186401367,116.19635009765625,-18.487939834594727,28.771814346313477,104.57386779785156,-9.576146125793457,56.552066802978516,87.7608642578125,-6.535552501678467,77.78185272216797,63.83362579345703,16.23229217529297,90.778564453125,117.70240783691406,-8.805888175964355,91.67865753173828,117.6772689819336,-28.30946159362793,65.60200500488281,104.22254943847656,-10.61164379119873,63.81989288330078,91.16600799560547,-10.626914978027344,44.52216720581055,97.34004211425781,3.3740200996398926,100.22984313964844,111.43065643310547,-13.57839298248291,76.20022583007812,129.2937469482422,-4.552803993225098,62.728858947753906,103.85034942626953,-11.387166976928711,64.22019958496094,73.93230438232422,11.133078575134277,89.9249496459961,90.70610046386719,-11.994572639465332,96.90863037109375,92.36553955078125,-20.398334503173828,72.92958068847656,88.98123931884766,0.5631260871887207,67.02513885498047,55.19723892211914,12.40077018737793,78.65741729736328,75.88529968261719,11.01501750946045,86.16853332519531,92.50299835205078,10.409109115600586,75.24845123291016,106.86649322509766,-0.9267134666442871,85.90628051757812
15,93.50325775146484,6.538524150848389,6.194550514221191,111.12847900390625,-18.553279876708984,28.724910736083984,101.3866195678711,-8.911971092224121,55.94218444824219,86.38206481933594,-5.176791191101074,77.55088806152344,64.9051742553711,19.726594924926758,87.80783081054688,111.36058044433594,-8.927298545837402,89.68889617919922,115.37837219238281,-27.38120460510254,64.1732177734375,101.15101623535156,-13.01791000366211,72.14515686035156,89.04946899414062,-0.23534148931503296,58.46886444091797,92.20787048339844,4.037394046783447,97.4656753540039,109.21390533447266,-11.031381607055664,75.2010498046875,125.7777328491211,-0.76796954870224,62.01307678222656,101.8453598022461,-10.014985084533691,64.5201416015625,70.32286071777344,12.728333473205566,86.96554565429688,88.0824966430664,-8.139915466308594,94.80479431152344,72.7110824584961,-27.458026885986328,93.81536102294922,79.24504089355469,-11.366989135742188,81.13856506347656,52.54914855957031,14.96008586883545,75.61439514160156,72.58252716064453,13.005393028259277,83.06468200683594,89.7943115234375,12.54755973815918,74.30720520019531,108.50759887695312,9.963252067565918,85.26889038085938
16,92.12744140625,6.429309844970703,6.104558944702148,110.59900665283203,-17.317228317260742,28.36220359802246,101.48048400878906,-7.731452465057373,55.28136444091797,86.6702880859375,-4.155655860900879,76.6107177734375,64.87464141845703,19.458818435668945,87.39505004882812,111.19346618652344,-7.298042297363281,88.19210052490234,115.46837615966797,-25.53632926940918,63.122318267822266,102.05404663085938,-10.273028373718262,69.86298370361328,88.85496520996094,3.227163076400757,58.089393615722656,92.1290512084961,4.932207107543945,96.0097885131836,107.7669448852539,-11.681503295898438,74.4651107788086,98.0458984375,1.7779591083526611,90.67100524902344,100.58267211914062,-7.860574722290039,66.97895812988281,70.268798828125,12.661689758300781,85.98069763183594,88.4690170288086,-7.029544353485107,94.12702941894531,76.66400146484375,-28.119888305664062,91.492431640625,81.61295318603516,-12.111876487731934,78.70716094970703,52.60972595214844,14.230684280395508,75.06779479980469,71.29985046386719,8.604182243347168,83.10746765136719,88.44662475585938,10.564436912536621,75.18970489501953,106.41336059570312,5.989486217498779,87.31560516357422
17,95.28441619873047,6.71428108215332,6.285985469818115,113.72313690185547,-18.898452758789062,29.24178695678711,103.99186706542969,-9.216082572937012,57.15410232543945,88.0537109375,-3.9079818725585938,78.29317474365234,67.89282989501953,22.717884063720703,89.22510528564453,114.3321304321289,-8.655862808227539,91.47040557861328,118.7158432006836,-27.487648010253906,65.67056274414062,105.42095947265625,-9.940134048461914,67.16212463378906,89.77825927734375,-3.8859286308288574,50.801513671875,94.60163116455078,4.539466857910156,99.42777252197266,112.0254135131836,-11.6312837600708,77.52570343017578,132.365966796875,-11.458239555358887,64.9681167602539,106.37088012695312,-12.248085021972656,62.45873260498047,71.98158264160156,13.247687339782715,88.75733184814453,95.372314453125,-3.670804262161255,85.2686996459961,79.36920928955078,-18.897127151489258,97.31852722167969,83.6999282836914,-5.548510551452637,80.20468139648438,53.65285873413086,15.222016334533691,77.2269287109375,74.33544158935547,13.245676040649414,84.00746154785156,92.26578521728516,11.732402801513672,76.01040649414062,108.25850677490234,2.6424145698547363,85.60787200927734
18,95.87971496582031,6.7701921463012695,6.318603038787842,114.61734771728516,-18.828445434570312,29.580018997192383,104.6498794555664,-9.219738960266113,57.669795989990234,88.50653076171875,-3.537304162979126,78.74340057373047,68.461669921875,24.185651779174805,87.66268157958984,115.21671295166016,-8.046924591064453,92.17704772949219,119.625,-26.757925033569336,66.07867431640625,105.7887191772461,-9.46071720123291,67.30320739746094,90.53679656982422,-4.081785678863525,50.221107482910156,95.23920440673828,5.198080539703369,100.08935546875,112.36753845214844,-11.629706382751465,78.19056701660156,132.3014678955078,-11.410487174987793,64.76410675048828,106.16304016113281,-12.483878135681152,62.673030853271484,72.3692398071289,13.779925346374512,89.27107238769531,95.51008605957031,-3.8259494304656982,85.88088989257812,79.01885223388672,-19.062538146972656,97.58206939697266,83.71184539794922,-5.211878776550293,80.76622772216797,53.873592376708984,15.55121898651123,77.63897705078125,74.69965362548828,13.542230606079102,84.41368865966797,92.81934356689453,12.017822265625,76.52635955810547,109.18646240234375,3.0414481163024902,85.7508773803711
19,93.40576934814453,6.550337314605713,6.173744201660156,116.075439453125,-14.2990140914917,28.609455108642578,104.9376449584961,-6.892223834991455,55.954742431640625,84.5872802734375,-3.120809316635132,72.53820037841797,55.408180236816406,13.623298645019531,78.25067901611328,114.84740447998047,-4.539281845092773,89.4613037109375,110.66692352294922,-15.972282409667969,60.235836029052734,90.43221282958984,-9.55898380279541,55.93439865112305,75.8016586303711,-4.0373077392578125,39.632686614990234,93.53059387207031,4.3364129066467285,97.39373779296875,109.74211883544922,-21.080568313598633,87.4269790649414,121.49671173095703,-11.568397521972656,69.46871948242188,101.67206573486328,-19.110021591186523,54.43791198730469,70.22602844238281,8.355267524719238,87.15220642089844,92.76042938232422,-8.488897323608398,83.00828552246094,93.82025909423828,-24.250059127807617,64.09966278076172,83.9582290649414,-5.831233978271484,59.77777862548828,52.25381088256836,6.834076881408691,75.99329376220703,72.594482421875,8.241667747497559,82.5140380859375,89.06661224365234,8.978300094604492,72.54900360107422,106.17182922363281,8.64509105682373,87.67642211914062
20,92.06513977050781,6.433255195617676,6.093833923339844,110.71833801269531,-16.788345336914062,28.783048629760742,101.91725158691406,-11.57606029510498,56.955406188964844,84.57563781738281,-4.775906562805176,75.3548812866211,60.09181594848633,17.550390243530273,80.21150970458984,108.94368743896484,-7.259423732757568,88.62310028076172,111.31694793701172,-25.75171661376953,63.546173095703125,100.10508728027344,-7.590448379516602,62.48238754272461,83.23677825927734,-4.388570785522461,47.48335647583008,89.19515991210938,4.211387634277344,95.89179229736328,107.99183654785156,-19.274972915649414,87.07902526855469,119.09085083007812,-8.285004615783691,69.96255493164062,96.89459991455078,-15.190116882324219,60.213558197021484,67.39846801757812,11.220281600952148,85.23219299316406,90.4959487915039,-4.456961631774902,83.2530288696289,77.63752746582031,-22.708789825439453,92.77434539794922,80.60401153564453,-8.547872543334961,77.13514709472656,50.05087661743164,12.207562446594238,73.76227569580078,69.90255737304688,11.525248527526855,80.82820129394531,87.31665802001953,10.22418212890625,73.43940734863281,102.76946258544922,1.4516794681549072,82.71395874023438
21,91.43438720703125,6.191417694091797,6.194635391235352,67.95703887939453,4.029208660125732,-21.296981811523438,81.14973449707031,27.51045036315918,-33.96257400512695,95.20760345458984,7.000211715698242,-42.4385986328125,114.17573547363281,-12.619558334350586,-62.27885437011719,87.87598419189453,6.564803600311279,-78.012939453125,74.50741577148438,7.213255405426025,-106.5885009765625,78.34465789794922,7.4309983253479,-127.9521713256836,95.3721694946289,2.0073084831237793,-143.7793731689453,109.56205749511719,-1.6462411880493164,-80.5308609008789,97.0315170288086,6.516422271728516,-108.20706939697266,94.91838073730469,19.302053451538086,-127.58272552490234,93.39093017578125,11.545478820800781,-152.7739715576172,125.5472183227539,-13.205948829650879,-65.51742553710938,110.62730407714844,-6.424117088317871,-88.3555679321289,102.25312042236328,-29.43998908996582,-89.54335021972656,118.8367691040039,-24.4619140625,-106.828857421875,134.70523071289062,-24.729251861572266,-51.4697151184082,131.31919860839844,-5.0408244132995605,-58.533653259277344,135.0462188720703,3.210315465927124,-75.29935455322266,127.68040466308594,19.804798126220703,-78.97948455810547
22,91.09117126464844,6.059823513031006,6.249484539031982,68.4570541381836,2.201870918273926,-20.90001106262207,80.96527862548828,26.231285095214844,-32.96671676635742,94.97880554199219,5.4776129722595215,-41.07270431518555,114.03950500488281,-15.29835319519043,-59.98225021362305,88.58389282226562,2.323768138885498,-77.34001922607422,76.7317123413086,1.974212884902954,-106.76443481445312,81.73982238769531,1.8847687244415283,-128.0766143798828,100.53697204589844,-3.2578017711639404,-142.19309997558594,109.91582489013672,-5.980642318725586,-79.32382202148438,99.70489501953125,1.5700403451919556,-108.1725082397461,98.19636535644531,13.89741325378418,-127.99134826660156,98.37320709228516,5.460046291351318,-153.1746826171875,125.42252349853516,-16.644302368164062,-63.56923294067383,111.98228454589844,-10.46519947052002,-87.55747985839844,103.7834243774414,-33.71292495727539,-88.2059326171875,121.0284652709961,-28.167686462402344,-104.98844909667969,134.4698944091797,-27.10579490661621,-48.994224548339844,131.014404296875,-7.456039905548096,-56.30549240112305,137.496826171875,7.198750019073486,-66.70780944824219,129.58192443847656,22.060714721679688,-71.27688598632812
23,90.9043960571289,5.988218784332275,6.279331207275391,63.05443572998047,6.876345634460449,-15.229430198669434,71.81412506103516,33.90104293823242,-6.918313980102539,80.1578598022461,15.743091583251953,-24.092878341674805,88.96219635009766,40.09653091430664,-45.232852935791016,69.97422790527344,18.32613754272461,-73.5030288696289,44.32008361816406,26.395288467407227,-90.5038833618164,62.549591064453125,29.584814071655273,-102.39067840576172,63.45987319946289,28.60423469543457,-125.1932373046875,89.87181854248047,10.881392478942871,-81.74806213378906,63.74973678588867,25.34432029724121,-91.95265197753906,52.93557357788086,42.15725326538086,-104.17796325683594,36.81971740722656,41.491241455078125,-125.25064086914062,108.00557708740234,-2.3203036785125732,-72.11573791503906,82.80517578125,7.059976577758789,-80.68946838378906,73.13182830810547,-15.696605682373047,-81.35671997070312,77.19719696044922,-5.545463562011719,-103.72191619873047,119.76268005371094,-15.05659008026123,-62.22635269165039,108.22119903564453,1.9141631126403809,-67.85454559326172,107.3893814086914,18.55881118774414,-77.25204467773438,101.27214813232422,34.904396057128906,-72.87357330322266
24,90.80278015136719,5.949254512786865,6.295572280883789,61.87091827392578,8.444372177124023,-13.253811836242676,74.3255844116211,34.24599838256836,-5.937923908233643,81.2603530883789,17.963560104370117,-25.480493545532227,81.09886932373047,5.263514995574951,-56.49905776977539,65.21400451660156,23.817729949951172,-70.86229705810547,37.29268264770508,33.35310745239258,-82.90267944335938,53.52141571044922,36.94920349121094,-97.39198303222656,51.731224060058594,38.37432098388672,-120.18515014648438,84.3333969116211,16.749958038330078,-80.81995391845703,57.5521354675293,32.42703628540039,-86.63751220703125,45.371360778808594,50.30415344238281,-95.70664978027344,26.288297653198242,52.114410400390625,-114.08722686767578,102.75360107421875,2.778750419616699,-73.20947265625,77.07988739013672,13.62458610534668,-77.79891967773438,66.81892395019531,-8.887330055236816,-79.17195892333984,67.41342163085938,3.0402355194091797,-101.13813018798828,114.92536163330078,-10.604681015014648,-64.96214294433594,103.22357177734375,6.630252838134766,-69.39725494384766,101.85063934326172,23.86631202697754,-77.62271881103516,97.296875,40.36628341674805,-71.40010070800781
25,90.74748992919922,5.9280524253845215,6.304409503936768,61.773902893066406,7.934316158294678,-13.050677299499512,74.2123794555664,33.389530181884766,-4.640772819519043,80.1904296875,16.810327529907227,-24.261356353759766,80.69939422607422,3.603989362716675,-55.21416091918945,64.62310028076172,22.243337631225586,-70.91909790039062,36.68525695800781,31.739015579223633,-83.02535247802734,53.591251373291016,34.25571060180664,-97.00541687011719,51.4165153503418,35.61589050292969,-119.71051788330078,83.6178207397461,15.015101432800293,-80.87345886230469,56.98647689819336,30.833703994750977,-87.0408935546875,44.89766311645508,48.8555793762207,-95.97991180419922,25.31827163696289,50.748870849609375,-113.8320083618164,102.06805419921875,1.2397644519805908,-73.10393524169922,76.61421966552734,12.53414535522461,-77.90770721435547,66.37877655029297,-10.003453254699707,-79.45279693603516,66.91100311279297,2.1299328804016113,-101.35334777832031,114.32361602783203,-11.903846740722656,-64.6936264038086,102.7771224975586,5.563663482666016,-68.6461410522461,101.34520721435547,22.77977180480957,-76.92225646972656,96.68163299560547,39.25920104980469,-70.64971160888672
26,90.71739196777344,5.9165167808532715,6.309218883514404,62.41047668457031,8.579421997070312,-13.834218978881836,73.6330337524414,34.411346435546875,-4.909030914306641,81.904052734375,18.28612518310547,-24.076440811157227,88.07791900634766,44.097755432128906,-44.31964874267578,66.99726867675781,25.05928611755371,-70.98731994628906,36.016815185546875,27.017547607421875,-78.37562561035156,23.52983856201172,35.797603607177734,-94.35398864746094,25.75590705871582,38.867286682128906,-118.34852600097656,86.27188873291016,18.224105834960938,-80.6068344116211,59.30525207519531,33.44200134277344,-86.85662841796875,47.04595947265625,51.18659973144531,-96.1308822631836,27.379587173461914,52.045047760009766,-113.92974853515625,104.47364807128906,4.19481897354126,-72.77159118652344,78.60693359375,14.517049789428711,-77.5970458984375,68.759521484375,-8.228110313415527,-78.78094482421875,71.02252960205078,3.437711000442505,-100.83627319335938,116.49017333984375,-9.209441184997559,-64.48016357421875,105.57067108154297,8.77774715423584,-67.87251281738281,104.12783813476562,26.141027450561523,-75.843994140625,99.243408203125,42.61027145385742,-69.35389709472656
27,90.70101165771484,5.910238742828369,6.311834335327148,62.73820114135742,0.7494208216667175,-13.773365020751953,77.42921447753906,15.984073638916016,-34.38142776489258,78.689697265625,12.084186553955078,-60.44211959838867,92.86231994628906,8.361011505126953,-91.81661987304688,66.21993255615234,6.292023181915283,-73.05986785888672,39.57591247558594,7.998838901519775,-90.55027770996094,30.051477432250977,13.376215934753418,-109.76200866699219,36.29465103149414,16.423145294189453,-133.01025390625,86.40694427490234,0.38224226236343384,-81.28057098388672,60.46687698364258,11.605454444885254,-95.3939437866211,46.45518112182617,26.185096740722656,-107.32978820800781,28.443281173706055,23.335330963134766,-126.69894409179688,106.14274597167969,-9.265151023864746,-70.96611785888672,81.44597625732422,-1.1470764875411987,-82.07002258300781,76.2724380493164,-25.14783477783203,-85.71019744873047,60.013187408447266,-17.189441680908203,-102.50657653808594,119.67066192626953,-19.038972854614258,-60.297706604003906,108.47857666015625,-0.9684916734695435,-61.91020584106445,101.51696014404297,14.074949264526367,-71.5244369506836,90.06232452392578,28.27387237548828,-69.76209259033203
28,90.6921157836914,5.906822681427002,6.313258647918701,65.9296646118164,7.7597270011901855,-18.062559127807617,84.95541381835938,18.66111946105957,-37.852481842041016,93.61468505859375,3.235579490661621,-57.42544174194336,107.89381408691406,6.363518714904785,-89.14606475830078,78.77648162841797,25.8966121673584,-73.40695190429688,54.019248962402344,28.018634796142578,-93.44673156738281,49.0047721862793,32.6318473815918,-114.48271942138672,58.01616668701172,34.13460159301758,-136.950439453125,99.62652587890625,20.192081451416016,-79.91461944580078,75.6570816040039,30.854310989379883,-97.51919555664062,57.69929885864258,25.45696449279785,-83.38251495361328,47.682674407958984,28.875354766845703,-108.46516418457031,116.97869110107422,6.81829309463501,-69.48844146728516,93.78755187988281,15.071725845336914,-83.39152526855469,85.84925842285156,-8.334892272949219,-85.70467376708984,72.57500457763672,-0.12527592480182648,-105.14069366455078,128.15322875976562,-6.203835487365723,-59.60691833496094,118.9999008178711,12.697303771972656,-63.27229690551758,118.1715087890625,29.24984359741211,-72.8941879272461,107.16281127929688,43.02094268798828,-71.74114227294922
29,91.86500549316406,6.197453022003174,6.243814945220947,111.1026840209961,-17.39573860168457,25.96582794189453,97.98148345947266,-12.509211540222168,52.40492630004883,82.50233459472656,-8.655989646911621,73.47221374511719,50.43655014038086,0.25362613797187805,73.89346313476562,113.32393646240234,-11.690380096435547,86.15125274658203,112.38761138916016,-30.866012573242188,60.83302307128906,97.28273010253906,-18.332664489746094,70.50448608398438,84.32815551757812,-4.651710510253906,58.71417236328125,94.04719543457031,-1.9932897090911865,95.17879486083984,88.43391418457031,-12.7886962890625,65.96986389160156,108.83206176757812,-10.91646671295166,77.39947509765625,91.82816314697266,-19.808984756469727,59.56507110595703,71.93743896484375,4.609141826629639,85.7833251953125,94.66536712646484,-12.038331031799316,82.91452026367188,78.07502746582031,-30.304121017456055,81.49172973632812,87.86664581298828,-14.664243698120117,69.09038543701172,54.4122314453125,6.184805870056152,75.42977142333984,73.62238311767578,0.531821072101593,82.78689575195312,92.46177673339844,1.7383933067321777,79.34028625488281,107.65908813476562,4.313215732574463,97.2122573852539
30,91.32547760009766,6.063107967376709,6.276246070861816,74.65894317626953,-19.928579330444336,-11.419944763183594,57.18415451049805,-25.894386291503906,-34.73374938964844,40.46063995361328,-32.73917770385742,-53.988014221191406,36.560909271240234,-33.690582275390625,-87.97447204589844,89.8006820678711,-32.58082962036133,-68.19033813476562,103.86283874511719,-51.63042449951172,-89.48255920410156,87.49826049804688,-43.70591354370117,-101.84683227539062,79.72872161865234,-37.34393310546875,-123.6907958984375,111.98170471191406,-28.455764770507812,-72.72826385498047,103.98403930664062,-38.39014434814453,-101.66252899169922,119.56266784667969,-41.38058090209961,-118.95853424072266,110.25807189941406,-52.00286865234375,-140.74569702148438,131.13047790527344,-21.78396224975586,-58.780494689941406,127.35956573486328,-43.85634231567383,-76.08006286621094,111.31436920166016,-61.82982635498047,-81.81441497802734,121.73628234863281,-55.13225555419922,-103.55026245117188,144.88003540039062,-18.807701110839844,-44.38102722167969,127.70318603515625,-23.20677947998047,-56.23223876953125,122.30680084228516,-15.524707794189453,-72.95612335205078,137.7462158203125,-0.4266873002052307,-64.0408935546875
31,91.07470703125,6.003211975097656,6.289431095123291,62.78508758544922,-12.72164249420166,-3.272510051727295,88.3565673828125,1.3108700513839722,2.0742523670196533,98.11180877685547,-12.014551162719727,-18.51781463623047,92.10948181152344,-21.61264419555664,-49.48735809326172,57.585472106933594,-33.85017395019531,-59.08662033081055,28.911664962768555,-35.1713752746582,-72.99835968017578,32.6751708984375,-27.29754638671875,-93.25421142578125,40.75244903564453,-34.69673538208008,-114.6850814819336,77.70735931396484,-38.81834411621094,-68.61642456054688,101.58611297607422,-27.549625396728516,-51.2656364440918,80.5111083984375,-29.14011573791504,-61.49041748046875,74.38314819335938,-33.97446823120117,-87.39837646484375,100.6153335571289,-38.9831428527832,-60.1177978515625,75.10763549804688,-50.478904724121094,-56.13195037841797,59.2994270324707,-66.7937240600586,-66.03424072265625,41.601932525634766,-61.33964538574219,-81.68853759765625,117.5562744140625,-40.43999481201172,-49.63320541381836,100.07097625732422,-28.33480453491211,-51.380619049072266,83.53041076660156,-18.778671264648438,-49.527706146240234,104.50789642333984,-8.934725761413574,-55.92818069458008
32,90.89544677734375,5.957413673400879,6.30106782913208,67.88894653320312,3.37243914604187,-19.990921020507812,57.53212356567383,-10.564962387084961,-43.96220397949219,71.31083679199219,-30.398168563842773,-54.60433578491211,85.34162902832031,-51.42289352416992,-78.30645751953125,86.13532257080078,-9.673927307128906,-75.40436553955078,81.86139678955078,-14.24233627319336,-106.69630432128906,103.01017761230469,-19.418420791625977,-110.38941955566406,109.11051940917969,-40.47559356689453,-118.4686050415039,104.43388366699219,-23.100679397583008,-75.75609588623047,109.4510269165039,-30.30989646911621,-45.40651321411133,112.31582641601562,-21.20695686340332,-66.86140441894531,116.66096496582031,-36.21307373046875,-87.98278045654297,116.9120101928711,-34.538002014160156,-58.248512268066406,92.37183380126953,-27.253355026245117,-70.23617553710938,92.68460845947266,-36.74131774902344,-93.15043640136719,95.49471282958984,-32.6602783203125,-116.84014129638672,123.47301483154297,-44.317161560058594,-42.216060638427734,117.51425170898438,-26.868494033813477,-52.94025802612305,99.84645080566406,-21.57051658630371,-47.68162536621094,101.5431900024414,1.004830002784729,-42.100528717041016
33,90.79792022705078,5.932499885559082,6.307397842407227,95.03070068359375,-28.11231803894043,12.797420501708984,101.70100402832031,0.4129558801651001,8.7737455368042,89.0309066772461,-5.6413421630859375,-13.567222595214844,74.83370971679688,-23.503406524658203,-38.67687225341797,102.44402313232422,-67.06748962402344,-31.848464965820312,125.29743957519531,-63.56187057495117,-53.85356140136719,104.34705352783203,-70.54473114013672,-54.69221878051758,88.86265563964844,-78.93754577636719,-70.81472778320312,113.28317260742188,-58.16013717651367,-49.61420822143555,102.1111831665039,-28.611616134643555,-49.04706954956055,99.18025970458984,-51.60235595703125,-45.2647590637207,85.96087646484375,-66.58846282958984,-61.62669372558594,123.87788391113281,-36.60185241699219,-53.33744430541992,140.8455047607422,-59.12700271606445,-55.30763244628906,143.09738159179688,-67.11388397216797,-78.69352722167969,132.49673461914062,-87.34232330322266,-78.10163879394531,133.49588012695312,-19.2593936920166,-52.529293060302734,128.67404174804688,-23.553245544433594,-32.20461654663086,112.4704818725586,-32.684757232666016,-27.5485782623291,108.0085220336914,-54.0810546875,-29.82349395751953
34,90.74483489990234,5.918936252593994,6.310844421386719,89.283203125,-28.519807815551758,11.458236694335938,103.39640045166016,-2.569330930709839,10.559134483337402,96.46836853027344,-6.049971103668213,-14.662025451660156,83.0506591796875,-18.785808563232422,-44.18450164794922,96.56844329833984,-66.57254791259766,-33.93169403076172,89.21157836914062,-95.41091918945312,-45.4760856628418,75.29239654541016,-104.3557357788086,-60.13899230957031,73.38786315917969,-92.8035888671875,-81.14353942871094,110.69364166259766,-58.78654861450195,-49.768150329589844,118.92024993896484,-89.29180145263672,-49.85678482055664,106.2203598022461,-108.9111557006836,-47.551795959472656,92.47441864013672,-112.61151123046875,-70.76602935791016,124.6132583618164,-38.92962646484375,-51.05036544799805,132.7439727783203,-65.51139068603516,-45.896358489990234,142.56492614746094,-64.28594970703125,-68.6587142944336,128.53045654296875,-82.72256469726562,-72.05335235595703,136.3909912109375,-23.239072799682617,-48.21541976928711,118.24376678466797,-33.560298919677734,-43.8764762878418,99.66993713378906,-37.25086212158203,-40.897857666015625,99.53911590576172,-43.35406494140625,-25.344715118408203
35,90.71595001220703,5.911555290222168,6.312718391418457,91.50990295410156,-28.888322830200195,5.542290687561035,98.96431732177734,-5.119200706481934,21.4281005859375,102.71549224853516,-0.4633939862251282,-4.270646572113037,99.91712951660156,-1.925235629081726,-38.27431106567383,110.14832305908203,-57.99894332885742,-43.079994201660156,114.52849578857422,-79.6043930053711,-66.1712646484375,111.4124526977539,-76.4586410522461,-87.83578491210938,113.9525375366211,-59.635887145996094,-105.08665466308594,126.09436798095703,-46.778812408447266,-54.4793815612793,121.97037506103516,-16.31684684753418,-47.177330017089844,128.04978942871094,-37.3997688293457,-55.54977035522461,125.32645416259766,-40.55580520629883,-81.76378631591797,138.15078735351562,-26.218612670898438,-49.898773193359375,157.69064331054688,-45.59910202026367,-56.37226104736328,173.87258911132812,-32.946258544921875,-70.31143951416016,164.61473083496094,-50.040035247802734,-83.9572525024414,147.74862670898438,-10.585177421569824,-42.422637939453125,127.91111755371094,-18.4010066986084,-42.35384750366211,110.38418579101562,-23.556583404541016,-48.153038024902344,97.96562957763672,-8.873552322387695,-61.3815803527832
36,90.70024108886719,5.907539367675781,6.31373929977417,78.08631896972656,-25.3678035736084,-2.2706120014190674,103.24130249023438,-40.549835205078125,-5.3281779289245605,114.78760528564453,-30.783004760742188,-26.948545455932617,122.04450225830078,-25.082164764404297,-60.464969635009766,87.1580581665039,-48.1491584777832,-56.64303207397461,88.81544494628906,-72.04816436767578,-77.74646759033203,90.28618621826172,-72.37024688720703,-99.81001281738281,103.75596618652344,-63.845611572265625,-118.13672637939453,106.89085388183594,-41.86418533325195,-65.63095092773438,121.01350402832031,-18.244159698486328,-50.10981369018555,112.7885513305664,-36.05237579345703,-63.024112701416016,116.75625610351562,-38.517127990722656,-89.26543426513672,125.60774230957031,-29.161500930786133,-56.85403060913086,129.78182983398438,-56.82126998901367,-52.74802017211914,150.77464294433594,-66.41996002197266,-61.88648986816406,141.880859375,-69.29081726074219,-84.73043060302734,139.9757080078125,-20.52847671508789,-46.31074523925781,120.6495590209961,-23.016738891601562,-54.96501541137695,105.93750762939453,-15.983644485473633,-65.03746032714844,104.41888427734375,-1.0567009449005127,-51.58808898925781
37,90.69168853759766,5.905354022979736,6.314295768737793,73.90532684326172,-22.60210609436035,-4.445861339569092,93.33677673339844,-44.62289810180664,-7.602777481079102,108.45894622802734,-38.57963562011719,-28.36173439025879,118.62554931640625,-33.36081314086914,-61.1561164855957,80.35677337646484,-42.688072204589844,-60.23005676269531,76.6045150756836,-66.3145523071289,-81.37279510498047,78.4294662475586,-67.98155975341797,-103.35047912597656,94.12130737304688,-63.933692932128906,-121.4576644897461,100.8889389038086,-38.67445755004883,-68.7002944946289,120.95256805419922,-20.72352409362793,-52.163177490234375,109.07408142089844,-35.61576461791992,-65.89969635009766,113.19886779785156,-39.494911193847656,-91.95506286621094,121.09439086914062,-29.384000778198242,-59.007328033447266,116.26567077636719,-56.96847915649414,-55.11612319946289,134.55642700195312,-71.81471252441406,-62.95402908325195,126.4333724975586,-73.66078186035156,-86.29974365234375,136.39793395996094,-23.610702514648438,-47.851951599121094,117.17609405517578,-22.37336540222168,-56.99314880371094,105.16771697998047,-12.572774887084961,-68.26647186279297,112.46694946289062,7.101584434509277,-60.49718475341797
38,90.6870346069336,5.904165267944336,6.314597129821777,76.08575439453125,-24.18560218811035,-3.2384145259857178,91.5617904663086,-20.729902267456055,21.680049896240234,107.49358367919922,-20.56056785583496,0.6496645212173462,119.55426788330078,-19.076324462890625,-30.817771911621094,88.85111999511719,-49.0251350402832,-55.93190002441406,83.0426254272461,-71.28650665283203,-78.06831359863281,88.90461730957031,-52.034767150878906,-87.24260711669922,109.63006591796875,-51.840702056884766,-98.88961791992188,109.98158264160156,-44.90810775756836,-62.70277404785156,125.67442321777344,-27.0496883392334,-41.89234924316406,118.58930206298828,-42.41750717163086,-58.1774787902832,126.21915435791016,-45.53371047973633,-83.59561920166016,128.76190185546875,-33.8795166015625,-52.02130126953125,127.08863830566406,-62.03325653076172,-50.03704071044922,147.59498596191406,-74.66202545166016,-56.07257080078125,143.232666015625,-72.18003845214844,-80.51323699951172,142.64332580566406,-26.42914581298828,-40.03447341918945,122.98121643066406,-27.15293312072754,-48.24663162231445,112.0767593383789,-18.33358383178711,-61.30957794189453,131.90582275390625,-4.512518882751465,-58.169593811035156
39,90.68449401855469,5.903517246246338,6.314761161804199,77.60952758789062,-23.20931053161621,-7.510195255279541,80.15985870361328,-14.96405029296875,20.735963821411133,101.86763000488281,-14.789259910583496,5.7404303550720215,123.63114166259766,-13.244390487670898,-20.42007064819336,98.1887435913086,-44.411556243896484,-59.310882568359375,100.35072326660156,-65.43604278564453,-83.24073028564453,119.15584564208984,-58.50655746459961,-92.59636688232422,141.98460388183594,-53.65237045288086,-97.89234924316406,120.1192626953125,-40.13386917114258,-62.46888732910156,129.74630737304688,-24.723257064819336,-36.621337890625,128.97360229492188,-39.05693054199219,-55.209651947021484,145.24618530273438,-39.78927993774414,-76.51790618896484,137.08401489257812,-30.172327041625977,-48.279659271240234,133.7589569091797,-58.22671127319336,-47.15233612060547,155.2557373046875,-70.61936950683594,-48.01845169067383,150.5663299560547,-74.75977325439453,-71.79307556152344,148.99562072753906,-23.799339294433594,-33.81112289428711,129.90960693359375,-21.91279411315918,-43.12362289428711,123.89278411865234,-31.403593063354492,-27.598012924194336,100.70499420166016,-33.231231689453125,-22.75771713256836
40,90.6831283569336,5.903165340423584,6.314850807189941,63.4958610534668,-14.77922534942627,-0.21339021623134613,92.55393981933594,-13.809172630310059,-5.409210205078125,93.63742065429688,-20.68758773803711,-30.857879638671875,79.98069763183594,-23.1673583984375,-62.803104400634766,52.63194274902344,-34.53045654296875,-55.42301559448242,24.328149795532227,-39.11956787109375,-69.4651870727539,16.78307342529297,-37.627784729003906,-90.20245361328125,19.696805953979492,-47.35397720336914,-112.17503356933594,71.43618774414062,-37.66684341430664,-67.49543762207031,100.9974365234375,-32.378475189208984,-57.67564010620117,77.70037078857422,-29.6545467376709,-58.860992431640625,65.63664245605469,-35.61404037475586,-82.66397094726562,94.97775268554688,-36.16646194458008,-61.84904861450195,69.6104736328125,-48.63420867919922,-62.50786209106445,65.08080291748047,-71.6777572631836,-70.56538391113281,43.86597442626953,-67.4176025390625,-81.41230010986328,113.04994201660156,-36.300655364990234,-53.77482223510742,94.22089385986328,-26.33610725402832,-52.920738220214844,76.46031188964844,-23.580209732055664,-46.266056060791016,68.56695556640625,-14.115106582641602,-31.6542911529541
41,90.682373046875,5.902975082397461,6.314899921417236,61.86034393310547,-11.648964881896973,14.722314834594727,57.10122299194336,-24.432342529296875,-11.473711013793945,44.61035919189453,-29.474258422851562,-34.160221099853516,21.768226623535156,-25.921850204467773,-60.20970153808594,30.324548721313477,-40.43855667114258,-26.904937744140625,-0.6871521472930908,-41.099769592285156,-19.34265899658203,-12.426557540893555,-22.83148765563965,-23.54378318786621,-31.88618278503418,-21.56062889099121,-38.080718994140625,43.152198791503906,-48.5596809387207,-43.59797286987305,13.026144027709961,-40.418373107910156,-38.65810012817383,-6.721287727355957,-28.53877830505371,-34.13123321533203,14.026202201843262,-41.12998580932617,-44.74473571777344,67.16368865966797,-49.2659797668457,-46.955177307128906,44.965816497802734,-65.7677001953125,-52.81406784057617,29.93294906616211,-85.33979797363281,-55.53390121459961,9.158670425415039,-75.40621185302734,-51.905235290527344,86.8987808227539,-50.297603607177734,-45.83110427856445,73.12390899658203,-34.81033706665039,-40.836036682128906,60.18281936645508,-20.754762649536133,-39.324337005615234,58.50509262084961,-8.029349327087402,-26.10884666442871
42,90.68195343017578,5.902869701385498,6.314926624298096,62.72737503051758,-13.725204467773438,12.850172996520996,65.80178833007812,-22.24498176574707,-15.261223793029785,58.02217483520508,-29.00043296813965,-39.550350189208984,37.82102584838867,-25.957298278808594,-67.82466125488281,36.176055908203125,-44.62934875488281,-30.69410514831543,4.698648929595947,-49.5584831237793,-28.637548446655273,-5.752347469329834,-31.197999954223633,-35.1846923828125,-22.1296329498291,-30.92616844177246,-53.13433074951172,50.629791259765625,-51.75059127807617,-46.490447998046875,79.74137115478516,-48.08181381225586,-58.20875549316406,58.67483901977539,-38.79777526855469,-53.562618255615234,45.245948791503906,-58.38605499267578,-65.26123809814453,74.79717254638672,-50.695777893066406,-48.26176071166992,57.2931022644043,-69.30396270751953,-60.374671936035156,45.53689956665039,-90.07463073730469,-67.21755981445312,23.208274841308594,-83.46259307861328,-66.9438705444336,94.43826293945312,-50.28861618041992,-45.8419189453125,79.4549560546875,-35.33549499511719,-43.30084991455078,70.52699279785156,-19.754398345947266,-49.996822357177734,61.975242614746094,-6.242804050445557,-42.46617889404297
43,90.68174743652344,5.902812957763672,6.314940929412842,60.4000129699707,-9.822824478149414,13.033040046691895,48.41877365112305,-20.412656784057617,-11.798195838928223,42.016197204589844,-24.604293823242188,-37.048072814941406,18.37808609008789,-22.84571647644043,-62.34476089477539,26.394084930419922,-30.905841827392578,-31.184919357299805,-4.599755764007568,-32.39217758178711,-23.666505813598633,-20.189266204833984,-17.49859619140625,-28.60065269470215,-39.80378341674805,-14.595307350158691,-42.642295837402344,38.43562316894531,-38.248687744140625,-48.798118591308594,63.965843200683594,-35.17601013183594,-67.15647888183594,45.7351188659668,-23.491270065307617,-58.0632438659668,48.134830474853516,-24.407278060913086,-83.44511413574219,62.285335540771484,-40.723609924316406,-52.45511245727539,39.83224868774414,-56.334468841552734,-59.63425827026367,23.722675323486328,-74.95813751220703,-62.81167221069336,2.7155354022979736,-64.11585998535156,-62.926979064941406,81.84756469726562,-43.632694244384766,-51.65116500854492,67.42963409423828,-29.11094856262207,-45.668357849121094,58.40578079223633,-13.163568496704102,-51.28668212890625,57.47592544555664,-1.4608502388000488,-37.93812561035156
44,90.68161010742188,5.9027814865112305,6.314947605133057,62.17209243774414,-13.712763786315918,9.755693435668945,54.42513656616211,-24.477657318115234,-16.633413314819336,50.3177375793457,-25.16340446472168,-42.68678283691406,26.943214416503906,-25.051929473876953,-68.21112823486328,32.25654602050781,-32.888267517089844,-38.13455581665039,2.6397836208343506,-44.149009704589844,-34.21053695678711,-19.47439956665039,-43.76341247558594,-34.09844207763672,-35.9377326965332,-42.470184326171875,-51.78169250488281,45.628761291503906,-36.70591354370117,-55.90382766723633,70.20193481445312,-21.35154151916504,-68.50006103515625,49.696006774902344,-16.788818359375,-57.99922180175781,56.983951568603516,-13.457673072814941,-82.33695983886719,69.71310424804688,-36.11722183227539,-58.715118408203125,52.650115966796875,-58.52979278564453,-56.28369903564453,42.90176010131836,-79.71964263916016,-64.79347229003906,20.215288162231445,-72.79798126220703,-66.34140014648438,89.44156646728516,-36.95956802368164,-57.3492431640625,73.18656158447266,-26.505752563476562,-48.34678268432617,60.3607063293457,-12.337898254394531,-46.90336608886719,63.397823333740234,-6.071064472198486,-30.53399085998535
45,90.68154907226562,5.90276575088501,6.3149518966674805,117.21282196044922,13.645035743713379,-14.792977333068848,133.5033416748047,32.96856689453125,-30.073728561401367,118.69696044921875,25.18692398071289,-50.47803497314453,103.62422943115234,22.204633712768555,-81.10963439941406,115.9205093383789,-1.6034162044525146,-72.42910766601562,131.7542266845703,-18.19607925415039,-94.64017486572266,127.89569854736328,-4.864765167236328,-111.86185455322266,118.14124298095703,16.632326126098633,-111.07083892822266,95.09600830078125,-1.3847155570983887,-81.11400604248047,83.26287078857422,20.132225036621094,-61.23285675048828,99.02140808105469,17.618162155151367,-78.46442413330078,104.53438568115234,9.282246589660645,-102.8647689819336,73.63713836669922,5.393428802490234,-72.0654296875,90.58287811279297,-17.090801239013672,-74.65036010742188,105.53944396972656,-18.16801643371582,-94.43917846679688,106.46427917480469,-20.256500244140625,-118.99171447753906,58.20353698730469,13.627734184265137,-62.80332946777344,78.75883483886719,17.06890106201172,-67.29659271240234,94.54338073730469,18.312101364135742,-78.09551239013672,107.80171966552734,7.723546504974365,-88.22554779052734
46,90.68152618408203,5.902758598327637,6.3149542808532715,69.5519027709961,4.913212776184082,-21.288545608520508,90.64688873291016,4.16325569152832,-41.94575119018555,111.3508529663086,-2.4803719520568848,-56.889892578125,127.81599426269531,-1.527236819267273,-87.260986328125,89.88971710205078,17.697486877441406,-75.86914825439453,77.20877075195312,14.094839096069336,-104.94783782958984,93.44464874267578,12.93093490600586,-119.9225082397461,96.1364974975586,2.932337999343872,-140.69772338867188,111.4437484741211,11.720192909240723,-78.8407974243164,129.76634216308594,14.442901611328125,-53.24526596069336,120.57059478759766,21.586641311645508,-73.64097595214844,117.67015838623047,13.103678703308105,-98.1755142211914,127.20659637451172,-0.26463019847869873,-64.83369445800781,103.83773040771484,-14.328248977661133,-72.28292083740234,98.24162292480469,-8.932738304138184,-95.8631820678711,116.30195617675781,-4.830150127410889,-113.41044616699219,136.9365234375,-12.046842575073242,-52.2522087097168,126.09175109863281,4.094770908355713,-60.99238586425781,121.57674407958984,14.970035552978516,-76.11381530761719,109.3880386352539,28.156320571899414,-72.33113098144531
47,90.68151092529297,5.902753829956055,6.314955711364746,68.62786865234375,7.564982891082764,-20.522817611694336,89.32646942138672,5.239933490753174,-41.461849212646484,108.3031005859375,-1.8814433813095093,-58.352447509765625,124.2249755859375,1.9086748361587524,-88.96835327148438,87.662353515625,23.113292694091797,-74.85552215576172,71.20658111572266,23.056995391845703,-102.21533966064453,84.4602279663086,21.617389678955078,-119.86378479003906,83.50592041015625,13.231078147888184,-141.50717163085938,108.83993530273438,16.504344940185547,-78.97447967529297,129.89385986328125,14.8568115234375,-55.47382736206055,120.1030502319336,23.97004508972168,-74.77845764160156,102.9678726196289,34.71853256225586,-92.20862579345703,124.54684448242188,3.0130274295806885,-66.34197998046875,100.25224304199219,-9.921113014221191,-72.81198120117188,92.83252716064453,-3.1313207149505615,-95.51227569580078,109.22289276123047,-0.11222623288631439,-114.8410415649414,134.19056701660156,-9.945666313171387,-54.90276336669922,124.68264770507812,7.577957630157471,-62.45746994018555,119.51641845703125,19.325729370117188,-76.69171905517578,108.55537414550781,33.51768493652344,-71.70917510986328
48,90.6814956665039,5.902750492095947,6.3149566650390625,62.815860748291016,-14.77646255493164,8.610097885131836,71.73812866210938,10.866952896118164,20.232881546020508,70.81149291992188,0.908342182636261,-4.1819868087768555,64.83570098876953,-2.8607397079467773,-37.25422286987305,43.75863265991211,-45.801998138427734,-38.616397857666016,13.026081085205078,-53.78725051879883,-41.948272705078125,-1.104377269744873,-49.755897521972656,-58.47938537597656,-17.980684280395508,-54.788482666015625,-74.74523162841797,60.52967071533203,-52.15061569213867,-52.31169128417969,90.17269134521484,-41.24177551269531,-53.05388641357422,67.45740509033203,-36.13166809082031,-56.13322448730469,47.851112365722656,-41.87497329711914,-72.80876922607422,84.65264892578125,-50.24296951293945,-50.65478515625,67.09587097167969,-72.27435302734375,-48.255130767822266,44.327735900878906,-70.54151916503906,-58.00530242919922,36.43944549560547,-60.71390914916992,-79.61614227294922,103.73343658447266,-49.20954132080078,-45.49335861206055,87.9356460571289,-35.16897964477539,-42.69264221191406,71.25601959228516,-26.554615020751953,-46.552249908447266,55.090187072753906,-31.34725570678711,-53.6795768737793
49,90.68148803710938,5.90274715423584,6.314957141876221,100.99956512451172,24.126192092895508,-21.44892692565918,103.6552734375,53.2923698425293,-17.632957458496094,82.09089660644531,56.196598052978516,-32.55482482910156,62.652915954589844,61.805999755859375,-60.798282623291016,65.97138977050781,29.24620246887207,-69.4376220703125,80.22949981689453,12.785499572753906,-92.78514099121094,77.5347900390625,14.20625114440918,-114.69219970703125,75.32941436767578,7.338488578796387,-137.23004150390625,43.99759292602539,29.332279205322266,-64.31136322021484,23.9543399810791,49.860382080078125,-51.07780075073242,38.28145980834961,47.92555236816406,-69.58643341064453,37.200286865234375,39.425472259521484,-94.89908599853516,32.10151290893555,29.428043365478516,-43.17428970336914,33.46028137207031,4.0642523765563965,-55.5925178527832,39.958648681640625,0.10161428153514862,-79.22566986083984,33.64284133911133,9.196121215820312,-99.99195861816406,25.373361587524414,31.68872833251953,-24.697101593017578,34.79290771484375,44.044960021972656,-39.29665756225586,44.450111389160156,48.554962158203125,-55.22500228881836,47.039642333984375,43.071441650390625,-74.4448013305664
50,90.6815414428711,5.902764797210693,6.314951419830322,80.81257629394531,-0.03265589475631714,-26.499177932739258,109.09088897705078,-1.6077901124954224,-34.87398147583008,132.35806274414062,8.261075019836426,-42.44780731201172,158.9855194091797,-6.470963478088379,-54.68800735473633,119.28424072265625,6.2159423828125,-71.63220977783203,127.29756164550781,-7.4433512687683105,-99.3552474975586,148.0426483154297,-10.109627723693848,-92.16275024414062,161.10545349121094,-26.458023071289062,-101.23975372314453,140.4894256591797,1.077760934829712,-65.8813247680664,136.06312561035156,10.398087501525879,-36.01829147338867,143.9459991455078,9.522440910339355,-58.124237060546875,141.48573303222656,7.574548244476318,-84.33145141601562,150.2313232421875,-7.9830827713012695,-45.60084533691406,131.05364990234375,-18.93206024169922,-63.256309509277344,142.9839630126953,-23.08641815185547,-84.6307144165039,168.3634033203125,-22.267669677734375,-81.55880737304688,154.8475799560547,-17.370620727539062,-28.797607421875,147.62405395507812,-3.8395133018493652,-43.605796813964844,150.96011352539062,2.736494302749634,-61.295955657958984,147.30467224121094,-5.554860591888428,-75.70454406738281
51,90.68151092529297,5.902756214141846,6.3149542808532715,56.3656005859375,7.932419776916504,1.0528000593185425,73.71295928955078,30.14261245727539,-7.782228946685791,65.62823486328125,30.587364196777344,-32.89313888549805,47.65785217285156,38.368614196777344,-60.637725830078125,34.4272346496582,32.59326171875,-48.61263656616211,5.8354363441467285,37.67538833618164,-35.344722747802734,-11.671576499938965,47.35272979736328,-44.78150177001953,-28.716434478759766,55.064754486083984,-59.87653732299805,47.70708084106445,29.4660587310791,-66.5848159790039,71.4926986694336,30.023883819580078,-87.3741226196289,53.61304473876953,43.116416931152344,-79.59705352783203,28.28495979309082,45.940673828125,-85.50045013427734,68.08757019042969,16.73626136779785,-69.88471984863281,44.498802185058594,2.1952688694000244,-64.27139282226562,22.083332061767578,12.865584373474121,-64.65536499023438,7.351186275482178,25.685827255249023,-80.57109832763672,83.12218475341797,3.8630244731903076,-70.04286193847656,75.72544860839844,23.8504638671875,-70.62799072265625,63.8626823425293,38.87192916870117,-69.65617370605469,65.76448822021484,55.44500732421875,-57.1818733215332
52,90.6814956665039,5.902751445770264,6.314955711364746,56.664676666259766,7.764889240264893,-0.6692437529563904,73.7021255493164,30.962215423583984,-7.294153690338135,70.6872329711914,43.98337936401367,-30.042306900024414,56.82435607910156,47.59636688232422,-60.20356750488281,37.136688232421875,32.293907165527344,-51.39486312866211,7.291707992553711,36.56981658935547,-40.89012908935547,-8.854174613952637,47.11928939819336,-51.71687316894531,0.5257567167282104,59.29603958129883,-70.23995208740234,51.31905746459961,29.220979690551758,-68.6734848022461,75.92926025390625,29.638973236083984,-88.48321533203125,57.14077377319336,42.565643310546875,-82.87309265136719,31.769372940063477,46.736549377441406,-88.39219665527344,71.90026092529297,16.58738899230957,-70.9336166381836,47.479408264160156,3.07769513130188,-66.40699005126953,31.05158042907715,-15.301762580871582,-69.3698501586914,10.820079803466797,-6.923250675201416,-81.18751525878906,86.98497772216797,3.7863879203796387,-70.32494354248047,79.27619171142578,23.661937713623047,-70.6229248046875,67.92096710205078,39.09752655029297,-70.96278381347656,69.00465393066406,55.06062698364258,-58.01942825317383
53,90.68148803710938,5.902749061584473,6.314957618713379,87.3595962524414,32.264427185058594,-16.12199592590332,76.14521026611328,5.032084941864014,-13.904497146606445,60.87055206298828,-5.632834434509277,-32.58772659301758,43.45608901977539,2.5263168811798096,-60.459693908691406,99.09296417236328,24.7620849609375,-74.10601806640625,117.58860778808594,30.039762496948242,-99.58959197998047,108.75959777832031,23.438419342041016,-118.76432800292969,97.57582092285156,42.730770111083984,-121.20370483398438,94.25923156738281,3.9758434295654297,-81.43408203125,64.86172485351562,-1.2898123264312744,-71.12284851074219,76.01514434814453,-10.867791175842285,-89.43794250488281,73.8652114868164,-7.1402692794799805,-115.11155700683594,83.78096008300781,-15.131125450134277,-70.78365325927734,97.77320098876953,8.714515686035156,-64.8690185546875,102.614013671875,32.286109924316406,-70.98482513427734,93.12310791015625,32.38985061645508,-93.61404418945312,73.09803771972656,-28.040151596069336,-60.247188568115234,64.55398559570312,-21.651447296142578,-78.70620727539062,57.44693374633789,-27.775707244873047,-95.41839599609375,56.9656867980957,-20.40603256225586,-110.87100982666016
54,90.53857421875,6.060032844543457,6.179688453674316,102.68232727050781,-21.729290008544922,24.727907180786133,101.35550689697266,-10.42660903930664,51.8771858215332,84.74858093261719,-5.091021537780762,71.27959442138672,62.968902587890625,14.80044174194336,87.9737548828125,113.21846771240234,-16.512353897094727,83.07707214355469,105.43775939941406,-29.206928253173828,55.43159103393555,102.56464385986328,-7.76226806640625,55.393672943115234,87.24002075195312,-12.825654983520508,71.55512237548828,99.72239685058594,-1.0721166133880615,93.37925720214844,75.39225769042969,15.670809745788574,103.61741638183594,90.14309692382812,9.558333396911621,86.81355285644531,100.05147552490234,-14.876790046691895,87.39423370361328,80.57059478759766,12.237410545349121,86.0954360961914,94.3226089477539,-10.657601356506348,94.05278778076172,96.6594467163086,-12.911103248596191,69.92057037353516,80.32100677490234,-2.3892409801483154,78.6845474243164,63.84465026855469,19.44276237487793,77.67276000976562,80.21923065185547,9.734354019165039,86.73847961425781,92.5438232421875,12.120418548583984,72.56831359863281,93.02559661865234,-3.034274101257324,88.42481231689453
55,90.60372161865234,5.988333702087402,6.24135160446167,69.1670150756836,-3.3334498405456543,-20.068986892700195,71.23141479492188,-9.574557304382324,-48.807308197021484,90.42222595214844,5.210515975952148,-58.84654998779297,119.22251892089844,-0.32023248076438904,-72.81385803222656,86.6484375,2.2001397609710693,-76.7481918334961,84.37332916259766,-13.325695037841797,-104.22283935546875,95.0139389038086,-2.51715350151062,-119.95822143554688,96.96969604492188,-25.131967544555664,-118.42204284667969,109.112548828125,-0.36891689896583557,-79.4654769897461,123.37027740478516,4.965993881225586,-51.98900604248047,114.70882415771484,6.624993324279785,-73.57569122314453,95.43212127685547,3.1799674034118652,-91.16024017333984,127.13127136230469,-6.7375407218933105,-64.37603759765625,101.92024993896484,-15.983956336975098,-72.48786926269531,98.3587417602539,-38.75047302246094,-81.0053939819336,111.49614715576172,-25.389455795288086,-97.35951232910156,138.93505859375,-14.491374015808105,-50.29881286621094,124.7790756225586,-5.420182704925537,-63.19908142089844,110.54388427734375,3.095150947570801,-72.54181671142578,97.87674713134766,17.467248916625977,-74.6900405883789
56,90.64641571044922,5.951552867889404,6.274150371551514,64.64181518554688,-12.002685546875,21.340259552001953,64.283935546875,-4.946359634399414,49.988075256347656,53.02924728393555,-5.696473598480225,73.7426528930664,66.0260238647461,-25.918460845947266,50.8131103515625,71.11073303222656,-34.810035705566406,76.02476501464844,88.84776306152344,-49.410221099853516,54.07499313354492,78.96004486083984,-31.249113082885742,61.51557159423828,71.30908966064453,-9.679325103759766,66.73529815673828,84.74559783935547,-22.41603660583496,89.24540710449219,57.80537033081055,-9.439894676208496,99.12725067138672,74.39157104492188,-9.382733345031738,82.62826538085938,73.86600494384766,-21.049104690551758,105.77117156982422,95.72233581542969,-0.947260320186615,86.20035552978516,81.79383850097656,-24.81721305847168,91.54305267333984,70.4298324584961,-45.76268768310547,85.10543060302734,74.03764343261719,-30.860870361328125,68.58012390136719,101.3060302734375,17.567283630371094,81.62084197998047,110.36896514892578,27.164417266845703,98.27729034423828,96.05754089355469,14.637763023376465,96.53106689453125,94.10551452636719,-4.388790607452393,102.95140838623047
57,91.0235366821289,6.040737152099609,6.255099296569824,66.5901870727539,-13.376693725585938,22.440858840942383,66.77489471435547,-5.734214782714844,51.03182601928711,57.92534255981445,-4.545737266540527,75.81657409667969,69.22160339355469,-23.191831588745117,51.017364501953125,75.20416259765625,-34.180179595947266,77.8039779663086,93.4336166381836,-47.85308074951172,55.36005401611328,83.64168548583984,-29.215160369873047,62.13536834716797,71.15660095214844,-9.678750991821289,60.10885238647461,88.52574920654297,-20.630399703979492,90.14912414550781,61.6490478515625,-7.973616123199463,100.38314819335938,77.73347473144531,-8.246597290039062,83.314697265625,73.88707733154297,-18.655961990356445,106.81987762451172,98.32833099365234,1.1205599308013916,86.32589721679688,84.0675048828125,-22.37177848815918,91.68179321289062,69.91471099853516,-39.62272262573242,81.22657012939453,79.98046112060547,-26.09336280822754,66.33944702148438,102.45288848876953,19.877735137939453,81.37188720703125,111.31527709960938,26.351093292236328,99.7496337890625,96.669921875,13.992783546447754,97.48709869384766,89.96625518798828,-4.329200744628906,97.86495971679688
58,90.86760711669922,5.977832794189453,6.282386302947998,85.3320541381836,-25.262989044189453,-8.452359199523926,90.37577819824219,-4.228263854980469,-28.609874725341797,76.42972564697266,-9.739203453063965,-50.29091262817383,74.78754425048828,-21.816354751586914,-81.56904602050781,102.6434097290039,-36.40694046020508,-64.49507141113281,120.2340316772461,-52.217506408691406,-85.9865493774414,106.81441497802734,-38.46965408325195,-96.94365692138672,86.7326889038086,-31.52420425415039,-88.15337371826172,121.12401580810547,-24.773910522460938,-70.37718963623047,93.46441650390625,-17.599729537963867,-57.12014389038086,107.89380645751953,-18.756906509399414,-75.5919418334961,123.38129425048828,-31.188446044921875,-92.91043853759766,136.1475067138672,-10.274641990661621,-58.13420104980469,123.1174087524414,-33.1317253112793,-68.06903076171875,110.59589385986328,-51.3850212097168,-79.08859252929688,107.13870239257812,-53.97673797607422,-103.97113037109375,147.86361694335938,-1.1434471607208252,-45.021202087402344,128.01901245117188,-2.2936697006225586,-52.85666275024414,109.07903289794922,-4.965179920196533,-54.89859390258789,121.94205474853516,0.5478635430335999,-40.27143096923828
59,90.78648376464844,5.944754123687744,6.296844959259033,97.89157104492188,-22.33169174194336,-12.868355751037598,107.80817413330078,-0.6735324859619141,-30.36017417907715,93.23298645019531,-0.4153735935688019,-52.336544036865234,99.17527770996094,-6.701216220855713,-84.14260864257812,122.15754699707031,-17.351850509643555,-67.1570816040039,139.88795471191406,-32.05451202392578,-89.2918701171875,125.72750091552734,-16.48940086364746,-96.10404968261719,130.348876953125,-17.42061996459961,-118.55904388427734,135.7873077392578,0.5679577589035034,-69.03192901611328,110.09397888183594,11.635191917419434,-54.46178436279297,124.57323455810547,9.768593788146973,-72.84648132324219,119.58602142333984,-4.297722339630127,-52.18533706665039,143.7552947998047,16.953018188476562,-53.0655517578125,135.00015258789062,-7.536820888519287,-63.93946838378906,123.24840545654297,-27.192596435546875,-73.38355255126953,123.80586242675781,-26.994001388549805,-98.89167785644531,150.34317016601562,27.21152114868164,-37.45883560180664,164.352294921875,43.30865478515625,-36.90742874145508,149.53347778320312,33.15350341796875,-43.69920349121094,162.81459045410156,31.663719177246094,-29.143199920654297
60,90.7386703491211,5.925621509552002,6.305096626281738,95.66106414794922,-22.482479095458984,-13.251459121704102,106.80648803710938,-1.633660912513733,-30.97103500366211,93.4737319946289,-1.0168464183807373,-53.72220230102539,102.34038543701172,2.606131076812744,-85.34237670898438,121.74226379394531,-18.731672286987305,-66.77161407470703,139.1506805419922,-33.17436599731445,-89.317626953125,125.6233139038086,-16.98734474182129,-95.96490478515625,130.4351806640625,-18.2712345123291,-118.3916015625,137.120849609375,-2.237136125564575,-67.8906021118164,110.73477172851562,8.729141235351562,-54.47581100463867,125.45445251464844,7.222980499267578,-72.70750427246094,119.34503936767578,-7.278214931488037,-52.6474723815918,146.19859313964844,12.925265312194824,-51.30076599121094,136.810546875,-10.678240776062012,-63.61081314086914,124.10458374023438,-29.111379623413086,-74.27389526367188,126.05426025390625,-28.756105422973633,-99.75868225097656,153.2538299560547,22.203632354736328,-35.296260833740234,138.82142639160156,16.518888473510742,-49.94392395019531,122.4823226928711,9.72309684753418,-57.360252380371094,132.73736572265625,6.469987392425537,-76.24837493896484
61,90.71260833740234,5.915193557739258,6.309591293334961,88.64915466308594,-28.5997371673584,2.2848005294799805,74.94119262695312,-2.8508658409118652,6.942242622375488,67.2214584350586,-7.314837455749512,-17.885173797607422,60.26310348510742,-20.20179557800293,-48.420799255371094,84.85142517089844,-52.939762115478516,-52.03514099121094,87.32989501953125,-75.28910064697266,-74.70783996582031,66.8157958984375,-72.21865844726562,-82.3851318359375,58.366580963134766,-90.02700805664062,-95.0096206665039,95.852783203125,-41.06098556518555,-67.7632064819336,79.07473754882812,-16.195781707763672,-57.88949203491211,73.72608947753906,-38.830726623535156,-61.129173278808594,91.64562225341797,-56.933319091796875,-66.81156921386719,110.135498046875,-21.5049991607666,-66.56027221679688,120.08110046386719,-43.47566604614258,-81.26908874511719,118.34126281738281,-61.23344421386719,-98.51020050048828,95.0280990600586,-54.948638916015625,-98.02702331542969,122.97685241699219,-7.09522819519043,-62.15996170043945,107.17369842529297,-11.913623809814453,-48.671875,90.17794036865234,-20.235532760620117,-45.564002990722656,79.6590576171875,-35.252708435058594,-50.77079772949219
62,90.69841003417969,5.909519195556641,6.312036991119385,87.32240295410156,-28.411855697631836,1.6955621242523193,76.0234146118164,-1.3197977542877197,4.983377456665039,69.78719329833984,-4.621628761291504,-20.437456130981445,64.17916107177734,-17.10735321044922,-51.36979675292969,83.63032531738281,-51.72657775878906,-53.0736083984375,86.07632446289062,-73.75837707519531,-76.05518341064453,66.37255859375,-68.9507827758789,-84.87823486328125,57.442626953125,-85.65202331542969,-98.55750274658203,95.44104766845703,-40.0913200378418,-68.38583374023438,79.95160675048828,-15.035208702087402,-56.98444747924805,73.4920425415039,-37.19769287109375,-61.29764938354492,89.93333435058594,-54.84272384643555,-71.07913208007812,110.49945831298828,-21.170114517211914,-66.5680923461914,120.95567321777344,-44.14632034301758,-79.271484375,134.0609893798828,-47.53028106689453,-100.07537841796875,116.61873626708984,-61.25718688964844,-108.04206848144531,123.81465911865234,-7.363148212432861,-61.677024841308594,107.29961395263672,-11.57973575592041,-48.86271286010742,89.86619567871094,-19.256275177001953,-46.692840576171875,78.02428436279297,-33.230018615722656,-50.97525405883789
63,90.6906967163086,5.906431198120117,6.313368797302246,72.3704605102539,-23.4282283782959,2.5809640884399414,80.17208099365234,-41.634300231933594,-19.329063415527344,79.70515441894531,-37.50955581665039,-45.38340759277344,72.97317504882812,-30.212526321411133,-78.52653503417969,62.67259979248047,-46.80337142944336,-51.41970443725586,47.808319091796875,-72.34700012207031,-63.50395965576172,32.61717224121094,-79.52655792236328,-77.8873291015625,16.104780197143555,-82.82355499267578,-94.870849609375,79.64404296875,-43.02557373046875,-65.8051986694336,91.423828125,-13.716142654418945,-65.4017333984375,71.08941650390625,-24.991594314575195,-68.70555877685547,51.64677810668945,-42.747032165527344,-72.49763488769531,101.50191497802734,-32.87942123413086,-63.07294845581055,86.5167465209961,-52.03355026245117,-77.47876739501953,94.8874740600586,-64.26490783691406,-97.39193725585938,73.99301147460938,-72.40583038330078,-102.69200897216797,119.22994232177734,-26.23252296447754,-57.297489166259766,102.22901153564453,-15.320942878723145,-50.474281311035156,83.64799499511719,-12.662842750549316,-54.36387252807617,67.04432678222656,-16.903932571411133,-59.08250045776367
64,90.74095153808594,5.9215545654296875,6.308414936065674,59.963134765625,-8.970597267150879,-0.27513083815574646,45.86962890625,-30.96177864074707,-14.086978912353516,50.81703567504883,-38.31239700317383,-38.93892288208008,70.88007354736328,-40.418373107910156,-66.18785858154297,46.325904846191406,-28.319839477539062,-55.03468704223633,20.258075714111328,-26.421018600463867,-73.40866088867188,29.098936080932617,-34.62396240234375,-91.96244812011719,13.578120231628418,-31.296722412109375,-107.9359359741211,64.34751892089844,-35.653846740722656,-66.4732666015625,92.9451904296875,-47.25288009643555,-59.7945671081543,71.16104888916016,-41.5681266784668,-66.4884033203125,47.367469787597656,-33.41474533081055,-75.14936065673828,87.5795669555664,-38.73689270019531,-60.299560546875,63.2719612121582,-47.56836700439453,-71.63652801513672,54.252349853515625,-69.4480972290039,-79.0816421508789,33.8978385925293,-58.99882507324219,-84.74655151367188,105.0668716430664,-42.30529022216797,-51.74282455444336,101.58727264404297,-21.8720703125,-46.66706466674805,84.0030746459961,-21.892053604125977,-54.35733413696289,64.26628875732422,-12.5409517288208,-50.8914794921875
65,90.71489715576172,5.913045883178711,6.313251495361328,121.12640380859375,-5.597631931304932,-6.074355125427246,119.74104309082031,10.916369438171387,18.37409210205078,99.65727996826172,16.262754440307617,2.1219067573547363,74.41861724853516,18.101890563964844,-21.173303604125977,172.7666015625,13.594042778015137,16.810022354125977,158.2115478515625,5.0706610679626465,43.936737060546875,147.10687255859375,20.997352600097656,33.32676315307617,156.39126586914062,15.866207122802734,11.760957717895508,171.38978576660156,18.305225372314453,38.8409423828125,144.5662384033203,26.486846923828125,53.367088317871094,153.17465209960938,8.296266555786133,41.25837326049805,127.7309341430664,15.14472484588623,43.239898681640625,153.66372680664062,15.497365951538086,55.14164352416992,179.4295196533203,6.919994831085205,47.35689926147461,167.7799530029297,-12.706361770629883,37.60758590698242,162.7943878173828,-11.016743659973145,15.117615699768066,138.3650360107422,9.950369834899902,66.40547943115234,155.39353942871094,22.7453556060791,67.53874969482422,158.2839813232422,29.216224670410156,49.71649169921875,152.69161987304688,16.871257781982422,39.36689376831055
66,90.69966888427734,5.908350944519043,6.314029693603516,122.93573760986328,7.121880054473877,19.33417320251465,126.71959686279297,34.839599609375,9.86142349243164,108.75303649902344,32.58699035644531,-9.327717781066895,100.56062316894531,23.28156280517578,-41.8361701965332,149.85389709472656,59.34088897705078,29.635499954223633,163.4009246826172,43.58861541748047,5.381768703460693,156.3614501953125,53.696990966796875,-12.993574142456055,141.82769775390625,56.926204681396484,-31.216007232666016,135.41859436035156,75.64225769042969,35.567955017089844,105.34794616699219,85.24128723144531,34.36971664428711,118.65948486328125,81.42456817626953,15.400307655334473,132.31748962402344,62.32950210571289,1.6709380149841309,111.60328674316406,75.5916748046875,40.13559341430664,126.00273132324219,54.990394592285156,27.216636657714844,113.5414810180664,35.15418243408203,19.005300521850586,106.3533706665039,36.82813262939453,-5.068153381347656,92.85067749023438,71.99308013916016,45.343666076660156,109.9733657836914,82.19086456298828,37.75446701049805,119.83951568603516,90.99475860595703,23.870624542236328,116.17680358886719,72.64926147460938,31.044429779052734
67,91.13898468017578,6.058186054229736,6.259047031402588,64.98946380615234,14.977080345153809,28.032699584960938,59.69442367553711,42.204708099365234,17.47702980041504,60.08992385864258,66.61115264892578,7.377129077911377,63.94806671142578,63.94399642944336,-24.899200439453125,50.5680046081543,72.23684692382812,37.40851974487305,69.89157104492188,64.032958984375,13.183900833129883,75.04073333740234,64.24402618408203,-8.364893913269043,87.13751983642578,72.11235046386719,-26.73403549194336,54.73834991455078,85.25101470947266,19.39057159423828,45.77616882324219,108.2366943359375,38.93330001831055,67.52398681640625,101.60684204101562,44.828678131103516,88.00690460205078,99.47400665283203,26.90654945373535,61.9282112121582,80.58206939697266,-3.140794515609741,83.09708404541016,68.48848724365234,-17.11595916748047,70.50545501708984,47.32131576538086,-14.601289749145508,61.53104782104492,62.49521255493164,-29.935321807861328,65.1985092163086,73.38851928710938,-21.240699768066406,79.80377960205078,84.37564086914062,-10.217516899108887,95.02469635009766,95.5392837524414,-14.183948516845703,111.57279968261719,102.5908203125,-25.0834903717041
68,91.30117797851562,6.103348731994629,6.244883060455322,60.68442153930664,23.58234214782715,7.152231216430664,47.821510314941406,44.615936279296875,-9.402812957763672,35.567413330078125,64.77236938476562,-21.286563873291016,32.634185791015625,62.163639068603516,-53.968326568603516,45.52799606323242,62.444183349609375,-35.7935791015625,62.007686614990234,54.793914794921875,-62.301292419433594,59.683109283447266,58.864013671875,-84.01276397705078,51.32245635986328,62.32338333129883,-106.03073120117188,54.70417785644531,57.068748474121094,-55.766632080078125,39.69000244140625,80.01283264160156,-40.44367218017578,59.66825485229492,79.26966857910156,-28.083900451660156,77.16622161865234,79.47843170166016,-48.90287780761719,67.46517181396484,38.32103729248047,-63.7808723449707,87.32034301757812,27.057065963745117,-79.95880126953125,70.19601440429688,9.318161964416504,-78.73362731933594,56.933082580566406,21.733198165893555,-90.0479965209961,74.93771362304688,20.514577865600586,-67.99224853515625,80.42526245117188,40.713890075683594,-63.3352165222168,89.27371215820312,56.422203063964844,-70.48239135742188,100.221435546875,68.5428695678711,-82.7742691040039
69,91.01869201660156,6.011901378631592,6.276827812194824,124.43780517578125,14.66421890258789,0.2632266879081726,144.34580993652344,-5.5510430335998535,-8.251778602600098,130.63291931152344,-0.03971997648477554,-30.125776290893555,119.71846008300781,3.4479498863220215,-62.41782760620117,151.51400756835938,0.018170103430747986,-50.95773696899414,156.83612060546875,-31.572528839111328,-50.43720626831055,156.6619415283203,-23.84502601623535,-71.2136001586914,139.87088012695312,-20.803611755371094,-87.93294525146484,137.16734313964844,-0.7659960389137268,-68.39930725097656,118.71187591552734,13.764758110046387,-47.419227600097656,138.90220642089844,6.796520233154297,-37.631858825683594,150.92129516601562,13.59305191040039,-59.0648307800293,113.80534362792969,4.798595905303955,-70.88837432861328,131.8162078857422,-10.462783813476562,-86.15210723876953,120.97660064697266,-32.24429702758789,-81.60679626464844,115.64799499511719,-16.452945709228516,-99.8519287109375,95.63902282714844,12.596227645874023,-70.39400482177734,114.01831817626953,18.755884170532227,-61.357200622558594,130.63729858398438,25.219818115234375,-68.71263122558594,135.71571350097656,5.718413829803467,-74.96405029296875
70,90.8649673461914,5.962142467498779,6.2942094802856445,81.48567199707031,-11.561698913574219,-22.41682243347168,80.16378021240234,-22.210926055908203,-49.98399353027344,104.62885284423828,-12.386746406555176,-48.77461242675781,136.36886596679688,-6.724106311798096,-60.5965576171875,113.6778335571289,-8.032364845275879,-72.57123565673828,114.69947052001953,-39.540557861328125,-77.99758911132812,130.77955627441406,-32.78852081298828,-91.64391326904297,154.0251007080078,-26.48981285095215,-89.27546691894531,135.68917846679688,-4.932580947875977,-68.59194946289062,124.09068298339844,9.664785385131836,-43.15205383300781,128.82473754882812,-9.867918014526367,-55.31156921386719,151.01205444335938,-13.420024871826172,-70.48170471191406,148.87347412109375,-4.521624565124512,-48.309532165527344,149.1970672607422,-20.015729904174805,-71.85162353515625,155.1159210205078,-39.97801208496094,-58.40474319458008,164.20770263671875,-25.662023544311523,-75.72801208496094,157.135986328125,-7.1500396728515625,-30.5279598236084,141.3535614013672,1.9958359003067017,-41.63509750366211,137.01307678222656,8.883153915405273,-59.05977249145508,136.52540588378906,9.513165473937988,-77.73435974121094
71,90.78132629394531,5.935065269470215,6.303668022155762,125.11727142333984,9.476652145385742,1.4758967161178589,146.1029815673828,-8.040303230285645,-9.774348258972168,131.0086669921875,0.5042683482170105,-29.661048889160156,127.80624389648438,-5.498228549957275,-63.71256637573242,151.01364135742188,-8.375439643859863,-49.23112106323242,167.2274169921875,-21.673913955688477,-73.35029602050781,164.12057495117188,-14.622457504272461,-94.09786987304688,148.93690490722656,-17.13308334350586,-112.41636657714844,137.45895385742188,-6.329306602478027,-67.16580200195312,119.45195770263672,9.128276824951172,-46.352691650390625,128.000244140625,-10.879353523254395,-55.20207977294922,149.998779296875,-12.073097229003906,-70.44577026367188,115.36930847167969,3.171816349029541,-70.07772064208984,135.93617248535156,-12.853858947753906,-80.8872299194336,121.95445251464844,-33.251380920410156,-78.9488754272461,117.84919738769531,-17.229825973510742,-97.76461029052734,98.56147003173828,13.609681129455566,-69.77198791503906,117.85044860839844,20.181015014648438,-63.43586730957031,134.8642120361328,21.567306518554688,-72.22933959960938,133.06076049804688,25.33193588256836,-54.55791091918945
72,90.73580932617188,5.920331954956055,6.308814525604248,89.88424682617188,-12.705337524414062,-23.09682273864746,106.03629302978516,-32.10548782348633,-38.4544792175293,119.6649398803711,-9.5487699508667,-37.15620422363281,150.70887756347656,-1.444403052330017,-49.302677154541016,127.14154815673828,-0.6792894601821899,-68.10531616210938,152.76051330566406,-10.129744529724121,-84.6842269897461,165.0377655029297,8.184999465942383,-82.84465789794922,188.36415100097656,8.27456283569336,-80.60723876953125,147.09767150878906,7.1971516609191895,-61.09935760498047,128.19017028808594,21.8538761138916,-40.48576354980469,138.51840209960938,19.043031692504883,-61.391868591308594,149.6763153076172,8.73134994506836,-83.032470703125,156.79627990722656,10.069907188415527,-39.07402420043945,163.69566345214844,-10.123275756835938,-57.58168411254883,174.1133575439453,-21.264116287231445,-38.006656646728516,185.2997283935547,1.0990500450134277,-40.857940673828125,162.7486114501953,9.108510971069336,-20.22468376159668,151.5561065673828,17.142074584960938,-36.50961685180664,152.2748260498047,22.129804611206055,-55.02126693725586,134.07369995117188,28.67469596862793,-56.50979995727539
73,90.71104431152344,5.9123148918151855,6.311614990234375,90.77534484863281,-13.449743270874023,-22.603710174560547,111.01396179199219,-29.935592651367188,-36.43654251098633,118.55567932128906,-4.808863639831543,-33.61701583862305,149.79647827148438,3.350008249282837,-44.599971771240234,129.36294555664062,-2.4742698669433594,-66.73921203613281,156.3856964111328,-10.97573471069336,-81.48625183105469,167.43862915039062,7.974485874176025,-78.63872528076172,190.5880584716797,8.613485336303711,-75.43146514892578,149.1010284423828,5.582365989685059,-59.33925247192383,129.67294311523438,19.752826690673828,-38.85875701904297,141.61306762695312,17.85541343688965,-58.99441146850586,154.25054931640625,8.158828735351562,-80.05158233642578,158.12149047851562,8.99584674835205,-37.09499740600586,177.34019470214844,-0.6120875477790833,-55.44993209838867,185.77212524414062,-12.596129417419434,-35.414955139160156,194.4176025390625,10.881721496582031,-37.06132888793945,163.4844970703125,8.529807090759277,-18.049455642700195,152.8110809326172,18.013137817382812,-33.89070510864258,154.57154846191406,22.684093475341797,-52.40586471557617,136.1759796142578,29.015392303466797,-54.780452728271484
74,90.69755554199219,5.907953262329102,6.313138008117676,96.09233856201172,-22.311643600463867,-13.303447723388672,123.17061614990234,-31.308095932006836,-20.942602157592773,115.07038879394531,-9.131390571594238,-32.721065521240234,133.50909423828125,7.049780368804932,-56.179256439208984,130.0723419189453,-19.549421310424805,-62.23748779296875,155.15023803710938,-21.507606506347656,-81.90876770019531,152.56410217285156,-1.9493792057037354,-91.91321563720703,134.94598388671875,6.654992580413818,-104.29877471923828,146.82501220703125,-4.53631067276001,-60.46061325073242,120.66004943847656,4.260671615600586,-45.099449157714844,129.45779418945312,-2.937086343765259,-65.65153503417969,144.3787078857422,-15.102572441101074,-83.67879486083984,154.57562255859375,9.2861909866333,-42.10548782348633,166.50531005859375,-13.129472732543945,-54.52169418334961,180.30299377441406,-0.6579877734184265,-38.079158782958984,174.1546630859375,18.352113723754883,-53.67850875854492,159.86997985839844,17.52229881286621,-24.904294967651367,145.12213134765625,9.848920822143555,-38.2574577331543,139.94921875,4.651015758514404,-55.97078323364258,140.8108673095703,19.993846893310547,-40.00920104980469
75,90.69022369384766,5.90557861328125,6.313968658447266,91.881103515625,-25.227380752563477,-9.151599884033203,78.29988861083984,-22.526256561279297,-35.2412109375,86.74797821044922,0.6947293877601624,-44.49064636230469,110.3567123413086,4.803689002990723,-66.38589477539062,122.6034164428711,-33.17136001586914,-59.64436721801758,143.25088500976562,-36.855464935302734,-83.72027587890625,143.4227752685547,-17.656383514404297,-94.70298767089844,163.84469604492188,-13.12351131439209,-105.35395050048828,140.8728485107422,-19.994857788085938,-60.97794723510742,120.44903564453125,-4.90286922454834,-42.184417724609375,124.20693969726562,-15.904454231262207,-62.59108352661133,134.0126953125,-32.98500061035156,-80.38229370117188,151.1953582763672,-4.648325443267822,-45.29066848754883,157.94415283203125,-30.847984313964844,-53.48659133911133,177.49642944335938,-18.778121948242188,-44.08537673950195,173.5944366455078,-2.9164812564849854,-63.510284423828125,158.4316864013672,5.316418170928955,-29.795412063598633,141.9618377685547,-3.236654758453369,-40.293731689453125,124.96621704101562,-10.538827896118164,-45.32001495361328,137.60923767089844,-18.974674224853516,-62.832862854003906
76,90.92578887939453,5.9782023429870605,6.289443016052246,85.79056549072266,-0.25012436509132385,40.291481018066406,83.9231185913086,-27.24280548095703,52.25987243652344,60.492942810058594,-36.0313835144043,43.8853759765625,26.6478328704834,-27.0101261138916,46.9820556640625,46.28711700439453,-41.12980651855469,58.632747650146484,34.027095794677734,-24.86484146118164,83.34130096435547,33.524200439453125,-30.42013931274414,61.886356353759766,14.84492015838623,-34.59266662597656,48.00809097290039,44.135738372802734,-58.24650955200195,44.05478286743164,29.716922760009766,-73.6584701538086,20.650278091430664,34.051815032958984,-56.79623031616211,36.42967224121094,60.49281311035156,-54.41694259643555,31.384944915771484,55.72758865356445,-64.16212463378906,23.68344497680664,37.61429214477539,-61.737361907958984,45.073211669921875,25.443803787231445,-59.1820068359375,66.47816467285156,18.889446258544922,-42.70037841796875,50.15049362182617,68.58303833007812,-67.65374755859375,9.04883861541748,48.0789794921875,-62.67076110839844,12.625807762145996,63.1305046081543,-55.849632263183594,2.699176788330078,57.418270111083984,-53.169132232666016,20.993188858032227
77,91.06885528564453,6.022316932678223,6.274544715881348,86.1607666015625,2.010859966278076,40.74480438232422,84.11038970947266,-24.332809448242188,54.12174606323242,60.265071868896484,-32.51314163208008,46.31146240234375,25.795337677001953,-26.377233505249023,48.17369842529297,45.56223678588867,-36.31301498413086,62.152915954589844,30.708335876464844,-17.705074310302734,83.64908599853516,30.960813522338867,-26.15006446838379,63.12095260620117,33.995967864990234,-4.760339736938477,58.160587310791016,42.47010040283203,-54.056121826171875,48.50130844116211,25.10081672668457,-71.36795043945312,28.781787872314453,31.03549575805664,-53.929080963134766,43.3808479309082,53.763641357421875,-60.64319610595703,31.3618106842041,53.311466217041016,-61.55317687988281,28.293821334838867,43.15443420410156,-57.782291412353516,54.1688232421875,30.65283966064453,-51.855281829833984,74.64505004882812,23.255477905273438,-39.15093231201172,55.61875534057617,65.81742858886719,-66.47793579101562,13.769250869750977,44.7919807434082,-62.828125,15.945084571838379,59.091468811035156,-58.22005844116211,3.7602596282958984,55.69464874267578,-53.331756591796875,22.695415496826172
78,90.89318084716797,5.968090057373047,6.292872428894043,91.78683471679688,-13.57630443572998,-22.63628578186035,115.58271789550781,3.749983310699463,-19.72564697265625,139.62705993652344,11.467679977416992,-12.069784164428711,172.61734008789062,7.79956579208374,-16.20040512084961,136.49937438964844,-8.599983215332031,-61.910865783691406,166.1525115966797,-15.219297409057617,-71.9827880859375,174.60195922851562,-2.563082695007324,-55.871883392333984,192.3796844482422,-6.769317150115967,-41.480987548828125,156.044189453125,-2.9079766273498535,-52.13386154174805,132.74343872070312,10.766834259033203,-35.887508392333984,147.17318725585938,0.2901498079299927,-51.186676025390625,167.60475158691406,-14.831576347351074,-58.25033950805664,162.78976440429688,-0.18879911303520203,-29.069141387939453,156.1741943359375,-26.919710159301758,-34.9187126159668,164.68299865722656,-40.67832565307617,-16.167789459228516,176.1221923828125,-18.82807159423828,-13.176623344421387,165.8660430908203,-1.223684310913086,-9.54716682434082,152.78787231445312,14.645378112792969,-15.439927101135254,164.36415100097656,19.960107803344727,-29.889511108398438,163.60169982910156,10.078483581542969,-43.440067291259766
79,90.79747009277344,5.938549518585205,6.3028564453125,67.1740951538086,-3.3700075149536133,30.183542251586914,70.03101348876953,-24.56212615966797,9.776416778564453,54.628395080566406,-36.356201171875,-8.108490943908691,21.94137954711914,-29.335098266601562,-19.260290145874023,18.1846923828125,-33.77218246459961,14.772661209106445,13.947248458862305,-5.46115255355835,29.010862350463867,10.286579132080078,-6.8931474685668945,7.2209367752075195,-11.785514831542969,-1.2566633224487305,1.0580867528915405,21.61444664001465,-47.52822494506836,-2.7944161891937256,31.204702377319336,-64.4042739868164,-27.675674438476562,50.51420211791992,-65.42597961425781,-14.336764335632324,48.63602066040039,-45.84896469116211,4.046156883239746,41.426719665527344,-53.568111419677734,-15.340816497802734,36.986778259277344,-72.69053649902344,4.913395404815674,12.362493515014648,-70.42578125,3.114269733428955,6.847480297088623,-61.95039367675781,-19.661020278930664,59.44926452636719,-58.27978515625,-22.02507209777832,55.690696716308594,-58.61139678955078,-43.048343658447266,71.55351257324219,-50.913333892822266,-50.694541931152344,63.022212982177734,-42.66812515258789,-63.870819091796875
80,90.74468994140625,5.922234535217285,6.308536529541016,66.39431762695312,-0.0901389867067337,30.460678100585938,60.107723236083984,-25.72516632080078,17.180706024169922,47.66191482543945,-40.1865119934082,-1.0438170433044434,19.423290252685547,-39.16904067993164,-21.99041748046875,18.74306869506836,-33.849700927734375,18.25778579711914,5.128149032592773,-11.7777681350708,36.92280578613281,7.178544998168945,-15.56684684753418,15.21530532836914,-10.304789543151855,-12.502443313598633,-0.44315680861473083,23.17810821533203,-50.18943786621094,3.333310127258301,35.48727035522461,-72.75724792480469,-15.00022029876709,51.01177215576172,-68.6898193359375,2.150813102722168,46.900516510009766,-44.374755859375,12.670431137084961,43.66143798828125,-57.64136505126953,-7.2581706047058105,31.614151000976562,-67.60408782958984,16.25593376159668,8.411271095275879,-64.09481048583984,8.20457935333252,7.412059307098389,-62.475765228271484,-16.896310806274414,62.04875946044922,-62.83037185668945,-12.42570972442627,53.21358871459961,-65.41636657714844,-31.679407119750977,36.81452560424805,-71.41209411621094,-39.65077209472656,42.195152282714844,-61.86081314086914,-61.55559158325195
81,91.05690002441406,6.018576145172119,6.275907039642334,74.12055206298828,-24.613271713256836,7.890219688415527,89.94054412841797,-32.65450668334961,-15.816889762878418,89.05091857910156,-30.961959838867188,-42.13874816894531,83.14517974853516,-43.019508361816406,-73.57015228271484,68.58721160888672,-59.67669677734375,-40.22068786621094,57.22355651855469,-83.50375366210938,-58.43697738647461,56.79030227661133,-63.05643844604492,-67.06258392333984,54.92069625854492,-83.07666778564453,-77.02092742919922,85.99966430664062,-57.5281867980957,-54.46464157104492,103.40657043457031,-31.560134887695312,-50.83857727050781,98.0107192993164,-45.148128509521484,-32.43501281738281,82.36123657226562,-50.30371856689453,-53.92848587036133,106.92721557617188,-45.560916900634766,-53.41732406616211,87.38593292236328,-64.82588195800781,-47.56418228149414,90.59069061279297,-85.52167510986328,-60.68968963623047,78.54918670654297,-66.48321533203125,-70.32453918457031,124.11686706542969,-37.102203369140625,-48.45942687988281,104.07036590576172,-30.40330696105957,-52.096092224121094,85.2928695678711,-34.45954513549805,-54.31508255004883,95.94863891601562,-25.20357894897461,-39.83824157714844
82,90.88581848144531,5.965792655944824,6.293702125549316,115.77725219726562,24.269804000854492,-9.975356101989746,105.97223663330078,43.93976974487305,9.81769847869873,87.3141098022461,62.29953384399414,6.487912178039551,63.825904846191406,73.09495544433594,-17.372861862182617,105.30596923828125,79.4917221069336,-30.15026092529297,126.0907211303711,62.33605194091797,-47.41500473022461,126.30963134765625,62.59037399291992,-69.57258605957031,103.06614685058594,63.23665237426758,-69.47871398925781,90.23773193359375,90.62804412841797,-17.54502296447754,71.5940933227539,107.64766693115234,1.34317946434021,82.21929931640625,102.29174041748047,-18.916290283203125,100.97747802734375,97.34597778320312,-36.93351745605469,78.9747314453125,85.37150573730469,3.2037339210510254,98.10073852539062,64.9813232421875,-0.14088000357151031,86.71138000488281,56.5714225769043,20.18049430847168,76.05183410644531,68.67730712890625,5.3126959800720215,73.37649536132812,79.40300750732422,21.22266960144043,83.03728485107422,97.62387084960938,15.551735877990723,90.04336547851562,107.59738159179688,0.6398679614067078,83.43860626220703,129.04884338378906,12.473929405212402
